"","state.abb","name","government_id","id","year","total_liabilities","bonds_outstanding","current_liabilities","leases","loans_outstanding","notes_outstanding","net_pension_liability","net_pension_assets","net_opeb_liability","net_opeb_assets","compensated_absences","charges_for_services","operating_grants","capital_grants","general_revenue","change_in_net_position","expenses","total_operating_revenues","non_operating_revenues","capital_contributions","revenues","geo_id","name_midfile","name_census","population"
"1","AZ","scottsdale","03200701100000",31637,2021,1719985000,985338000,106185000,1799000,0,0,421583000,0,1923000,0,33927000,256516000,52751000,339814000,439657000,443746000,644992000,0,0,0,1088738000,"0465000","city of scottsdale","scottsdale city",241339
"2","AZ","mesa","03200700800000",31634,2021,4282895000,1932351000,345738000,0,0,1285000,1014811000,0,953762000,0,34949000,505109000,101375000,45415000,571600000,52246000,1171253000,0,0,0,1223499000,"0446000","city of mesa","mesa city",504300
"3","AZ","tucson","03201000200000",31644,2021,3382060447,613720192,268899451,10533273,26851862,0,1291047640,0,212813304,0,52396915,436980206,258542441,114021672,636946327,304253927,1142236719,0,0,0,1446490646,"0477000","city of tucson","tucson city",542656
"4","CA","modesto","05205000200000",31888,2021,924422665,274770722,135118423,4104503,28100033,1282000,364250642,0,30427400,0,12275660,209083826,41321509,66497608,194423077,120984162,390341858,0,0,0,511326020,"0648354","city of modesto","modesto city",218467
"5","CA","oakland","05200100900000",31740,2021,4186217000,815113000,470545000,28842000,0,0,1801374000,0,842836000,0,58115000,240232000,206509000,3178000,1032523000,159185000,1323257000,0,0,0,1482442000,"0653000","city of oakland","oakland city",440660
"6","CA","moreno valley","05203340100000",31838,2021,264594470,75407394,65890232,7120146,0,0,77591423,0,9047518,0,7046757,81060200,35300473,28432204,116861022,45380892,216273007,39773913,380035,0,261653899,"0649270","city of moreno valley","moreno valley city",208640
"7","CA","riverside","05203301200000",31836,2021,2634527000,1731664000,169564000,17276000,457000,64678000,229566000,0,52276000,0,42906000,589373000,68381000,40557000,288936000,20496000,966751000,0,0,0,987247000,"0662000","city of riverside","riverside city",315014
"8","CA","san jose",NA,101868,2021,7908010000,2310580000,586017000,0,733000,278657000,3591797000,0,864874000,1062000,96286000,1094632000,306679000,114096000,1211457000,-238056000,2964920000,0,0,0,2726864000,"0668000",NA,"san jose city",1013221
"9","AZ","chandler","03200700300000",31633,2021,1014689233,533634364,63516870,0,0,0,316219876,0,63003983,0,15088278,207153580,26659645,30929214,304246854,25690296,543298997,0,0,0,568989293,"0412000","city of chandler","chandler city",276010
"10","FL","st petersburg","10205202000000",32314,2021,1459810343,804019000,88765560,5146000,0,93735000,115587405,16268755,256867376,0,28634000,343744042,27084983,8669465,310801563,70430621,619869432,0,0,0,690300053,"1263000","city of st petersburg","st petersburg city",258356
"11","ID","boise","13200100100000",32682,2021,224705000,122279000,77747000,960000,0,0,0,101251000,15036000,0,8683000,211744000,31395000,46814000,165306000,92708000,362551000,0,0,0,455259000,"1608830","city of boise","boise city city",235712
"12","NC","durham","34203200100000",36706,2021,1021315269,583769527,94664449,0,22472000,0,114942996,0,164490386,0,25797782,181238487,62230071,41106706,303275321,110220252,477630333,0,0,0,587850585,"3719000","city of durham","durham city",283588
"13","NC","greensboro","34204100200000",36710,2021,1237340836,798854077,132626016,15472735,894000,0,114198568,0,124450254,0,8292297,187525380,32446520,27510505,307091747,27736284,526837868,0,0,0,554574152,"3728000","city of greensboro","greensboro city",299101
"14","NC","winston-salem","34203400200000",36708,2021,1115603455,648128992,81592368,0,0,0,80074722,0,0,12099186,17313914,179974354,28853239,18775477,272303101,112989316,386916855,0,0,0,499906171,"3775000","city of winston-salem","winston-salem city",249562
"15","NC","charlotte","34206000100000",36713,2021,6817711000,3655140000,495567000,0,37759000,255861000,1019687000,0,227624000,42758000,90754000,918042000,384777000,229234000,950838000,270715000,2212176000,0,0,0,2482891000,"3712000","city of charlotte","charlotte city",874607
"16","NM","albuquerque","32200100100000",35917,2021,2493805208,873392404,192010899,0,17891418,0,904300000,0,314556997,0,50009598,203316874,146336303,91437652,783708720,131111202,1093688347,0,0,0,1224799549,"3502000","city of albuquerque","albuquerque city",564581
"17","NV","las vegas","29200200200000",35519,2021,1828903547,605078011,148864241,1343549,0,0,873504531,0,55725322,0,48520133,342497540,69531972,299816517,505694087,191472475,1026067641,0,0,0,1217540116,"3240000","city of las vegas","las vegas city",644866
"18","NV","reno","29201600100000",35523,2021,1061795874,464731245,78943241,0,0,0,252369268,0,147020971,0,28289163,180147039,45421838,89143603,208896146,121179264,402429362,0,0,0,523608626,"3260600","city of reno","reno city",264147
"19","NY","yonkers","33206002800000",36072,2021,5070868554,640889450,271047115,0,1800000,13624677,120899468,0,3814099761,0,53184393,93083948,115481983,2175497,1065270640,-125205652,1401217720,0,0,0,1276012068,"3684000","city of yonkers","yonkers city",211585
"20","NY","buffalo",NA,149470,2021,2288501912,329480064,468847185,0,0,0,62224319,0,1383997705,0,27931111,99980697,35183315,23264954,493946905,58083041,594292830,0,0,0,652375871,"3611000",NA,"buffalo city",278301
"21","OH","cincinnati","36203100600000",36933,2021,3961053000,1188159000,135140000,17834000,62932000,9522000,2305754000,0,74567000,63751000,136395000,404708000,234755000,17530000,617451000,-223436000,1497880000,0,0,0,1274444000,"3915000","city of cincinnati","cincinnati city",309561
"22","OK","tulsa","37207201000000",37344,2021,1310463000,790783000,70853000,5087000,0,0,307741000,0,4600000,0,37034000,121300000,67336000,21185000,493281000,109089000,594013000,0,0,0,703102000,"4075000","city of tulsa","tulsa city",413123
"23","OK","oklahoma city","37205501500000",125837,2021,2377773000,1155187000,96685000,13000,0,15517000,408312000,0,443682000,0,94378000,123615000,182767000,35114000,688412000,30479000,999429000,0,0,0,1029908000,"4055000","city of oklahoma city","oklahoma city city",681084
"24","OR","portland","38202600300000",37572,2021,9676620990,3311215642,362782129,0,99751539,0,5447870710,0,95444851,2403478,112505275,1159638315,214510377,167840829,858185289,84810312,2315364498,0,0,0,2400174810,"4159000","city of portland","portland city",652518
"25","TN","memphis","43207900500000",38563,2021,4210272000,2246280000,504065000,23742000,439019000,0,4511000,0,809284000,0,131515000,1898737000,138376000,13080000,866713000,335264000,2581642000,0,0,0,2916906000,"4748000","city of memphis","memphis city",631539
"26","TX","irving","44205701600000",47012,2021,1089686874,764247733,86083020,1338724,0,2765000,153236230,0,18303061,0,34493704,164367049,19645220,13164831,299552375,77962461,418767014,0,0,0,496729475,"4837000","city of irving","irving city",256687
"27","TX","plano","44204300900000",38665,2021,812220663,613069000,74490302,0,0,4800000,55021601,14036741,6188875,0,50350289,247617625,38177985,5731600,346958154,57865808,580619556,0,0,0,638485364,"4858016","city of plano","plano city",285469
"28","TX","el paso","44207100200000",43166,2021,2773436603,1687856234,165215037,0,0,1560000,485256939,0,168416162,0,73791412,247113932,185820789,48625716,603995270,214629363,870926344,0,0,0,1085555707,"4824000","city of el paso","el paso city",678697
"29","VA","chesapeake","47210570100000",230275,2021,1160016852,675136667,97609209,0,1319095,0,215077882,0,40178800,9933717,24884770,145193821,163453478,24094419,585167320,129954513,787954525,81216423,887583,9661238,917909038,"5116000","city of chesapeake","chesapeake city",249415
"30","VA","virginia beach","47213200100000",230476,2021,2350727399,1458044384,155761720,0,0,0,525466635,0,94167390,0,49703863,304577185,234018269,4568665,1193728132,121109732,1615782519,0,0,0,1736892251,"5182000","city of virginia beach","virginia beach city",459471
"31","MI","detroit","23208200400000",34317,2021,6418274433,496952425,910918244,0,28885588,0,2159574662,28023927,0,0,101291866,759542821,385880823,4688394,1132809816,-29478982,2312400836,0,0,0,2282921854,"2622000","city of detroit","detroit city",639115
"32","NE","lincoln","28205500700000",35447,2021,1668339134,1172313000,141527498,43884000,26442000,67355000,39668000,0,26979000,0,33791000,515693043,131325308,35706328,252893558,169600190,766018047,0,0,0,935618237,"3128000","city of lincoln","lincoln city",291105
"33","CA","santa clarita","05201940200000",31800,2021,221580825,77875820,41923993,542094,0,0,34737777,0,0,12575778,4454922,69557455,73969612,51886443,113120342,110977116,197556736,0,0,0,308533852,"0669088","city of santa clarita","santa clarita city",228679
"34","CA","sacramento","05203400500000",42691,2021,3159764000,1214520000,191357000,6754000,0,217586000,1069704000,0,244249000,0,51795000,494252000,186142000,160205000,563936000,133611000,1270924000,0,0,0,1404535000,"0664000","city of sacramento","sacramento city",524924
"35","TX","fort worth","44222001100000",38708,2021,6485913000,2047097000,426042000,1109000,0,61730000,2359866000,0,903895000,0,33390000,699273000,191057000,343277000,996100000,185869000,2043838000,0,0,0,2229707000,"4827000","city of fort worth","fort worth city",918937
"36","AZ","phoenix","03200701000000",31636,2021,14097669000,7632598000,1042790000,1166000,211804000,0,4652055000,0,136443000,73892000,176765000,1493581000,792500000,474452000,2200787000,819332000,4141988000,0,0,0,4961320000,"0455000","city of phoenix","phoenix city",1608190
"37","TX","garland","44205701200000",44101,2021,1739221826,1309962228,175637389,0,0,29355000,11418246,0,87457328,0,29462323,564091256,23969468,11517051,188616618,78012966,710181427,0,0,0,788194393,"4829000","city of garland","garland city",246001
"38","TX","san antonio","44201501000000",38656,2021,6346636000,3686846000,243244000,5998000,0,78462000,819657000,0,933170000,0,253550000,455961000,450540000,109679000,1721505000,139307000,2598378000,0,0,0,2737685000,"4865000","city of san antonio","san antonio city",1434367
"39","GA","atlanta","11206000200000",42897,2021,10740141000,6407666000,524334000,227649000,868000,715991000,1251025000,0,888700000,0,36840000,1046507000,126556000,150100000,1146055000,276037000,2193181000,0,0,0,2469218000,"1304000","city of atlanta","atlanta city",498722
"40","TX","lubbock","44215200200000",38693,2021,2018728188,1499706852,131144266,0,6474285,0,157803158,0,172402112,0,38433103,486662940,35022315,46673534,259919694,108826027,719452456,0,0,0,828278483,"4845000","city of lubbock","lubbock city",257157
"41","FL","orlando","10204800900000",148141,2021,2074858241,689984541,379774984,0,244460983,0,290159850,0,353133200,0,49403177,390677409,32688086,63386671,525194143,98462823,913483486,111168441,7789655,6225256,1011946309,"1253000","city of orlando","orlando city",307683
"42","NY","rochester","33202800800000",36037,2021,2359529000,109523000,290317000,0,15144000,89298000,55648000,0,1753793000,0,0,231052000,47316000,38232000,496972000,-44077000,857649000,0,0,0,813572000,"3663000","city of rochester","rochester city",211321
"43","TX","laredo","44224000100000",40881,2021,1476807436,872323370,99013438,3722778,0,1415165,252346173,1326670,206576960,0,27943429,300487477,57404450,37607196,166447336,85902511,476043948,0,0,0,561946459,"4841464","city of laredo","laredo city",255212
"44","TX","corpus christi","44217800300000",38701,2021,1936597928,1436664775,145981390,20291264,0,41176000,203244403,0,10392386,0,46141166,367736997,26069523,25251459,302631698,99178257,622511420,0,2202125,0,721689677,"4817000","city of corpus christi","corpus christi city",317863
"45","CA","chula vista","05203700200000",31856,2021,1006423881,432751065,68079182,10997593,0,6616007,351965194,0,26787344,0,10969829,97910954,25973347,62660895,224008306,75499652,335053850,0,0,0,410553502,"0613392","city of chula vista","chula vista city",275500
"46","FL","miami","10201301300000",398462,2021,3072883367,545256747,220635829,0,0,0,1034749059,0,958411935,0,82659616,242502030,162278864,19238489,681071857,-122118175,1227209415,0,0,0,1105091240,"1245000","city of miami","miami city",442260
"47","MO","kansas city","26204800600000",43771,2021,6184292000,4291256000,442597000,0,2585000,71131000,1093020000,0,93377000,0,52431000,824967000,216957000,92442000,792688000,-98536000,2025590000,0,0,0,1927054000,"2938000","city of kansas city","kansas city city",507971
"48","OH","columbus","36202500300000",44337,2021,6954370000,4884373000,347319000,0,0,54612000,1356638000,0,160591000,40802000,123252000,815964000,243564000,94670000,1245808000,563663000,1836343000,0,0,0,2400006000,"3918000","city of columbus","columbus city",905839
"49","CA","irvine","05203090100000",31829,2021,287944000,0,85360000,0,0,0,153978000,0,9488000,0,18116000,101501000,38077000,26585000,179716000,-29445000,375324000,0,0,0,345879000,"0636770","city of irvine","irvine city",307665
"50","NC","raleigh","34209200800000",36728,2021,2361176428,922385308,226210165,0,0,110377435,203853587,0,189934098,0,33245460,386760096,56117156,46588732,497789792,199617892,787637884,0,0,0,987255776,"3755000","city of raleigh","raleigh city",467762
"51","TX","houston","44210100800000",43770,2021,22569340000,14187175000,718518000,81906000,0,307910000,1779562000,0,2629644000,0,543297000,1928908000,1360452000,679022000,2370832000,1368574000,4970640000,0,0,0,6339214000,"4835000","city of houston","houston city",2301572
"52","CA","san francisco","05203800100000",54175,2021,36525105000,19229180000,1339611000,19820000,20914000,234967000,5614021000,0,3811347000,0,421167000,3919434000,2635598000,362827000,6188949000,521077000,12585731000,0,0,0,13106808000,"0667000","city and county of san francisco","san francisco city",873959
"53","CO","aurora","06200350100000",31994,2021,1283387916,705178048,157150704,37475103,0,27500836,106801109,16282358,21037880,0,43127748,291257317,49418179,319486977,470381308,391253537,739290244,0,0,0,1130543781,"0804000","city of aurora","aurora city",386324
"54","CA","santa ana","05203001600000",31826,2021,1135383347,73947137,184478605,11488671,1901664,24188635,702444738,0,55210904,0,30948115,159899391,126944625,38392355,297528787,48103945,574661213,0,0,0,622765158,"0669000","city of santa ana","santa ana city",310555
"55","AL","huntsville","01204500100000",31569,2021,1361325111,156026899,80907197,0,0,0,222331632,0,72487230,0,31645956,124176502,49077524,21343474,402917329,130776671,466738158,0,0,0,597514829,"0137000","city of huntsville","huntsville city",215052
"56","CA","san diego","05203701000000",44032,2021,8481413000,2510599000,732235000,239672000,273111000,98730000,3513674000,0,469975000,0,97719000,1610162000,430170000,136162000,1543273000,-36298000,3756065000,0,0,0,3719767000,"0666000","city of san diego","san diego city",1386960
"57","MA","boston","22201300100000",34032,2021,6426387000,1418056000,786957000,61608000,0,21725000,1406402000,0,2196724000,0,257282000,226977000,770430000,54589000,3093413000,56834000,4088575000,0,0,0,4145409000,"2507000","city of boston","boston city",675632
"58","IN","fort wayne","15200200100000",33221,2021,0,0,0,0,0,0,0,0,0,0,0,0,0,0,0,0,0,0,0,0,0,"1825000","city of fort wayne","fort wayne city",263914
"59","CO","colorado springs","06202100200000",31999,2021,3971629197,2962799000,358382576,26083000,0,21074000,313149000,18791321,66775000,0,41658000,1251944309,75745579,203406095,398827143,271690474,1658232652,0,0,0,1929923126,"0816000","city of colorado springs","colorado springs city",479016
"60","CA","long beach","05201902600000",31784,2021,4381212000,1858585000,474323000,38943000,0,552878000,527875000,0,8785000,0,225119000,1182700000,352496000,116132000,484050000,431940000,1703438000,0,0,0,2135378000,"0643000","city of long beach","long beach city",466775
"61","KS","wichita","17208701400000",33468,2021,1500033422,1078742000,246530158,291000,24955000,0,15602000,0,44218000,0,14577000,281550001,96248303,56162968,279539928,125235932,588265268,0,0,0,713501200,"2079000","city of wichita","wichita city",397547
"62","OH","cleveland","36201801400000",36922,2021,3850423000,2140606000,590787000,0,124834000,0,786813000,0,77160000,35117000,44267000,756886000,228834000,80011000,664392000,430959000,1299164000,0,0,0,1730123000,"3916000","city of cleveland","cleveland city",372632
"63","FL","hialeah","10201300800000",96403,2021,1108399492,87413153,108782575,7518033,10890570,28400000,301647421,3738042,471720312,0,35451582,164621510,21087711,6723746,150919565,-37334833,380687365,0,0,0,343352532,"1230000","city of hialeah","hialeah city",223123
"64","FL","tampa","10202900300000",32297,2021,1566384797,844785342,150492379,3294589,23542291,118685450,209150745,0,75519951,0,74949299,486781727,105976466,72922442,417135747,250985258,831831124,0,0,0,1082816382,"1271000","city of tampa","tampa city",384661
"65","AZ","glendale","03200700600000",44287,2021,1440811000,824447000,111250000,0,0,0,429332000,0,613000,1916000,35840000,171934000,69365000,21323000,338437000,113010000,488049000,0,0,0,601059000,"0427820","city of glendale","glendale city",248374
"66","IL","chicago","14201601600000",32795,2021,70203052000,27636274000,5590602000,0,215000000,0,33696585000,0,2000017000,0,0,3969542000,1002587000,129395000,7807584000,1300131000,11608977000,0,0,0,12909108000,"1714000","city of chicago","chicago city",2746352
"67","NE","omaha","28202800400000",35443,2021,3145801379,1107035493,196958885,244245019,0,28500606,814257649,0,512272582,0,90438534,343088949,186602480,57641000,481454634,235314997,833472066,0,0,0,1068787063,"3137000","city of omaha","omaha city",491743
"68","MN","minneapolis","24202702000000",1036390,2021,1790197000,774856000,241108000,0,0,104208000,389858000,0,47213000,0,46525000,426735000,143082000,5526000,498998000,97729000,976612000,0,0,0,1074341000,"2743000","city of minneapolis","minneapolis city",429985
"69","TX","arlington","44222000100000",31543,2021,1866983000,1596855000,69491000,0,0,0,0,27444000,144366000,0,45914000,251671000,58366000,7851000,367474000,77417000,607945000,0,0,0,685362000,"4804000","city of arlington","arlington city",394257
"70","TX","austin","44222700100000",38712,2021,15516665000,7257062000,593022000,21843000,0,178600000,2178003000,0,4346367000,0,180500000,2588072000,214943000,250249000,1382782000,-191392000,4627438000,0,0,0,4436046000,"4805000","city of austin","austin city",961900
"71","TX","dallas","44205700700000",38669,2021,14023129000,5887723000,599300000,185446000,0,180981000,5702885000,0,266160000,0,135807000,1293953000,269411000,111859000,1765420000,949004000,2491639000,0,0,0,3440643000,"4819000","city of dallas","dallas city",1304317
"72","WI","madison","50201301100000",39884,2021,1147484321,855914625,144028203,820000,0,0,78674,112995852,84581716,0,61952786,189663332,87142107,37834215,345880271,91681516,568838409,0,0,0,660519925,"5548000","city of madison","madison city",269769
"73","WI","milwaukee","50204100900000",39892,2021,4761383000,1378071000,365916000,0,273792000,0,927864000,0,1680554000,0,47800000,435452000,122845000,20487000,715045000,-286596000,1580425000,99730,431,49,1293829000,"5553000","city of milwaukee","milwaukee city",577225
"74","CA","fremont","05200100500000",96340,2021,687053116,135635864,31958426,0,0,0,409107867,0,81415258,0,14210309,55603665,57322305,44626295,212713826,40168927,330097164,0,0,0,370266091,"0626000","city of fremont","fremont city",230493
"75","NV","north las vegas","29200200300000",35520,2021,855709552,389437917,71329348,0,0,0,219150533,0,109107152,0,41634466,261266048,53537390,90749512,171225564,156684823,420093691,0,0,0,576778514,"3251800","city of north las vegas","north las vegas city",259520
"76","OH","toledo","36204800700000",98182,2021,1734470000,503408000,164999000,59000,549407000,85006000,338517000,0,40350000,9475000,40565000,271882000,34939000,21030000,259637000,130135000,457353000,84019000,2232000,113000,587488000,"3977000","city of toledo","toledo city",270880
"77","CA","bakersfield","05201500100000",43912,2021,813093048,129974556,76830458,16304875,352970,3000000,461426874,0,36512308,0,21139007,200365419,116839591,105867374,289114373,157255945,554930812,0,0,0,712186757,"0603526","city of bakersfield","bakersfield city",404440
"78","CA","los angeles","05201902700000",149487,2021,56315847000,33744378000,3947445000,42799000,110792000,330600000,11279212000,0,2484602000,0,1059539000,10177883000,2123367000,654564000,5407744000,1025505000,17338053000,0,0,0,18363558000,"0644000","city of los angeles","los angeles city",3898767
"79","CO","denver county","06201600100000",1266289,2021,12287597000,8407267000,926765000,404036000,0,5031000,1764486000,65973000,253829000,0,178399000,1467523000,411790000,147118000,2101906000,420338000,3707999000,0,0,0,4128337000,"0820000","city and county of denver","denver city",715538
"80","PA","pittsburgh","39200205600000",43862,2021,2033199668,472710995,45437895,7422843,0,0,822015601,0,395364862,0,31767924,61439555,91485798,48743407,504329684,80631025,625367419,0,0,0,705998444,"4261000","city of pittsburgh","pittsburgh city",302958
"81","CA","stockton","05203900400000",31865,2021,1230233905,458090480,124293781,206486,10870821,6115000,549631640,0,0,0,14710071,214659434,51328357,52328038,301480671,114940626,504855874,64096970,135118,7371911,619796500,"0675000","city of stockton","stockton city",320810
"82","CA","anaheim","05203000100000",31819,2021,3305927000,1857165000,216887000,0,22779000,0,834846000,0,160100000,0,0,691925000,226613000,46127000,210259000,-33746000,1208670000,0,0,0,1174924000,"0602000","city of anaheim","anaheim city",346825
"83","IA","des moines","16207700500000",71073,2021,1054729050,649858475,91374421,21389984,6852000,3269426,213409053,0,22792325,0,0,175963699,84260437,22791773,255194377,71726206,466484080,0,0,0,538210286,"1921000","city of des moines","des moines city",214125
"84","WA","seattle","48201702100000",39553,2021,9142892000,5815146000,615595000,105000,0,138266000,1198219000,630536000,654541000,0,140278000,2655348000,355181000,78241000,2061037000,908319000,4241488000,0,0,0,5149807000,"5363000","city of seattle","seattle city",737018
"85","CA","fresno","05201000500000",31759,2021,1615388000,441085000,263178000,41153000,0,426200000,0,93198000,152604000,0,83908000,341494000,96727000,164948000,327378000,-13050000,943597000,0,0,0,930547000,"0627000","city of fresno","fresno city",542252
"86","WA","spokane","48203201000000",39566,2021,839405510,245896265,29778576,288337,100574294,0,174685904,174325293,91501555,0,27687978,307136786,77269069,10977682,262927432,135635819,522675150,0,0,0,658310969,"5367000","city of spokane","spokane city",228978
"87","VA","norfolk","47212200100000",230389,2021,2458465093,1597133257,211590385,0,83260000,0,389045271,0,114305792,0,23904172,246292497,207935782,1982849,342975641,17693,799169076,0,0,0,799186769,"5157000","city of norfolk","norfolk city",238001
"88","CA","san bernardino","05203601000000",31848,2021,764831424,103233089,81630898,139182,0,4374000,473069693,0,4870958,0,8342227,103214998,36292187,8307060,159130522,36657064,270287703,42758192,2717660,0,306944767,"0665000","city of san bernardino","san bernardino city",222068
"89","VA","richmond","47212700100000",230420,2021,2728454001,880909424,273104411,0,0,977821551,399778235,0,120143312,0,24659319,588576958,44339425,28362735,582921061,62470445,1181729734,0,0,0,1244200179,"5167000","city of richmond","richmond city",226618
"90","MD","baltimore","21200400100000",33980,2021,9542603000,3394325000,1058738000,150218000,184821000,0,2164643000,0,527869000,0,203137000,746863000,471637000,264540000,1830949000,315321000,2998668000,0,0,0,3313989000,"2404000","city of baltimore","baltimore city",585693
"91","NV","henderson","29200200100000",35518,2021,1084887438,392227766,104643888,1125511,786030,0,416549579,0,89339854,0,50613783,213767054,47122554,131993963,315648488,114461453,594070606,0,0,0,708532059,"3231900","city of henderson","henderson city",317310
"92","FL","jacksonville","10201600300000",32292,2021,6696965000,2234806000,408696000,0,82538000,39003000,3107155000,0,416420000,0,133140000,298890000,100593000,54297000,1622272000,-43312000,2119364000,84202000,2606000,0,2076052000,"1235000","city of jacksonville","jacksonville city",949616
"93","NJ","jersey city","31200900600000",108025,2021,0,0,0,0,0,0,0,0,0,0,0,0,0,0,0,0,0,0,0,0,0,"3436000","city of jersey city","jersey city city",292754
"94","WA","tacoma","48202701600000",39559,2021,2172314000,260367000,208719000,0,138293000,841000,110879000,177099000,229263000,0,51398000,909445000,72197000,59934000,263593000,178902000,1126267000,0,0,0,1305169000,"5370000","city of tacoma","tacoma city",219175
"95","NY","new york","33203100100000",122258,2021,283974857000,99441465000,36958227000,1598706000,0,0,9598353000,0,117979233000,0,6372726000,5669230000,28108585000,675115000,69723042000,9325259000,94850713000,0,0,0,104175972000,"3651000","city of new york","new york city",8804194
"96","PA","philadelphia","39205100100000",42714,2021,18803884000,8484844000,2887334000,0,0,141110000,4721351000,0,2088155000,0,5984000,1454661000,2716502000,90286000,4502394000,355507000,8408336000,0,0,0,8763843000,"4260000","city of philadelphia","philadelphia city",1603799
"97","LA","new orleans",NA,1266697,2021,2846275000,1086587000,229401000,0,0,3198000,862741000,0,172847000,0,56039000,242053000,312912000,208986000,559745000,323840000,999856000,0,0,0,1323696000,"2255000",NA,"new orleans city",383998
"98","MO","st louis","26209600100000",44598,2021,3662613000,1529364000,523453000,27087000,18331000,0,616351000,0,654613000,0,58308000,363395000,111276000,15657000,610714000,-69766000,1170808000,0,0,0,1101042000,"2965000","city of st louis","st louis city",301574
"99","NJ","newark","31200700900000",35652,2021,2271924473,0,0,0,0,0,0,0,0,0,0,0,0,0,1141989198,27877368,1114111829,0,0,0,1141989198,"3451000","city of newark","newark city",311552
"100","MN","st paul","24206200900000",101973,2021,0,0,0,0,0,0,0,0,0,0,0,0,0,0,0,0,0,0,0,0,0,"2758000","city of st paul","st paul city",311518
"101","CA","modesto","05205000200000",31888,2020,910981832,183280052,133992675,4584778,135800291,1565000,341835012,0,26459988,0,11079022,205760542,38619042,6441092,183729467,40281791,394268352,0,0,0,434550143,"0648354","city of modesto","modesto city",218467
"102","CA","san bernardino","05203601000000",31848,2020,700249533,86565402,31349043,274558,0,24666171,443384956,0,13557801,0,7708701,100971934,26523701,5139725,127576482,-16636737,276848579,40267376,3636039,0,260211842,"0665000","city of san bernardino","san bernardino city",222068
"103","CA","bakersfield","05201500100000",43912,2020,815271946,138826334,71337485,17000597,355737,5635925,441885448,0,56993372,0,20867857,182546830,24858552,119568726,268418491,39829468,555563131,0,0,0,595392599,"0603526","city of bakersfield","bakersfield city",404440
"104","CA","riverside","05203301200000",31836,2020,2997462000,1788483000,113462000,21840000,899000,69519000,599576000,0,50004000,0,39333000,585005000,25252000,33924000,289744000,3607000,930318000,0,0,0,933925000,"0662000","city of riverside","riverside city",315014
"105","AZ","glendale","03200700600000",44287,2020,1364207000,768970000,74510000,0,66352000,0,379276000,0,3126000,1711000,34513000,148671000,61865000,39386000,302934000,85419000,467437000,0,0,0,552856000,"0427820","city of glendale","glendale city",248374
"106","AZ","scottsdale","03200701100000",31637,2020,1672194000,1104139000,105699000,3540000,0,0,352019000,0,2177000,0,31911000,244982000,55604000,76719000,424710000,156096000,645919000,0,0,0,802015000,"0465000","city of scottsdale","scottsdale city",241339
"107","AZ","mesa","03200700800000",31634,2020,3946213000,1778838000,316334000,0,0,1431000,908215779,0,907417000,0,33980000,452514000,72265000,60615000,524920000,38305000,1072009000,0,0,0,1110314000,"0446000","city of mesa","mesa city",504300
"108","AZ","chandler","03200700300000",31633,2020,993301804,580768480,38727213,0,0,0,293895280,0,53112727,0,15199811,206841153,38190135,32904473,299413853,69362643,507986971,0,0,0,577349614,"0412000","city of chandler","chandler city",276010
"109","CA","santa clarita","05201940200000",31800,2020,217263369,65085696,36580252,1227954,0,0,38909366,0,16669651,0,4263235,64450266,35471928,47163438,108773945,44070588,211788989,6785178,13405112,5701142,255859577,"0669088","city of santa clarita","santa clarita city",228679
"110","CA","moreno valley","05203340100000",31838,2020,221955207,78447151,27193899,8089757,0,0,72896273,0,8175011,0,6923677,63294641,28134990,8638377,114284078,-1809332,216161418,35657797,1234769,0,214352086,"0649270","city of moreno valley","moreno valley city",208640
"111","FL","st petersburg","10205202000000",32314,2020,1355292248,745451000,74380972,6146000,0,107721000,102271391,16809084,224027878,0,32443000,317902373,20202453,4928250,319202170,55497524,606737722,0,0,0,662235246,"1263000","city of st petersburg","st petersburg city",258356
"112","MO","kansas city","26204800600000",43771,2020,5330276000,3565786000,428601000,0,2769000,82088000,870059000,0,115354000,0,49670000,884086000,136566000,55657000,841368000,-43148000,1960825000,0,0,0,1917677000,"2938000","city of kansas city","kansas city city",507971
"113","NC","raleigh","34209200800000",36728,2020,2241239412,1018919476,191899615,30179781,0,0,157437366,0,190900860,0,32553519,385174864,56607272,45958676,485788412,177554488,795974736,0,0,0,973529224,"3755000","city of raleigh","raleigh city",467762
"114","NC","durham","34203200100000",36706,2020,1029720774,653400039,63244220,0,28255000,0,84911103,0,155600034,0,30680043,172790962,31966773,61741273,290446236,72094843,484850401,0,0,0,556945244,"3719000","city of durham","durham city",283588
"115","NC","greensboro","34204100200000",36710,2020,1170826645,780043435,99244554,15695250,1744000,2580810,90709688,0,131940179,0,17117085,216724918,28078983,68497092,300059181,72052334,541307840,122357533,2245545,3856656,613360174,"3728000","city of greensboro","greensboro city",299101
"116","NC","winston-salem","34203400200000",36708,2020,1083821870,612533418,29047731,0,6515,0,108050925,0,7852505,0,16677959,181544248,27870469,16685511,226456870,52676464,399880634,0,0,0,452557098,"3775000","city of winston-salem","winston-salem city",249562
"117","NY","buffalo",NA,149470,2020,2227222037,304118951,334346029,871331,0,59799600,254162180,0,1228417474,0,25739773,111253005,27973121,20282886,412218645,-24222043,595949700,0,0,0,571727657,"3611000",NA,"buffalo city",278301
"118","NY","rochester","33202800800000",36037,2020,2283161000,72509000,192893000,0,0,66175000,254732000,0,1477364000,0,0,223951000,30322000,22340000,441124000,-116743000,834480000,0,0,0,717737000,"3663000","city of rochester","rochester city",211321
"119","OK","tulsa","37207201000000",37344,2020,1315222000,874945000,71276000,0,0,0,15849000,0,702000,0,37241000,133558000,37174000,14653000,494318000,88632000,591071000,0,0,0,679703000,"4075000","city of tulsa","tulsa city",413123
"120","OK","oklahoma city","37205501500000",125837,2020,2204253000,1079235000,125893000,11000,0,16803000,288492000,11458000,425090000,0,92640000,187223000,103849000,53927000,732291000,67477000,1009813000,0,0,0,1077290000,"4055000","city of oklahoma city","oklahoma city city",681084
"121","OR","portland","38202600300000",37572,2020,9174347541,3226187185,330486470,27847077,171949990,0,5078795811,0,84298521,7679943,96499054,1200566770,61943758,218326797,849680285,79069857,2251447753,0,0,0,2330517610,"4159000","city of portland","portland city",652518
"122","TN","memphis","43207900500000",38563,2020,4403060000,1870382000,605559000,28184000,328819000,0,578293000,0,933940000,0,132839000,2002165000,60921000,13834000,792533000,-55604000,2925057000,0,0,0,2869453000,"4748000","city of memphis","memphis city",631539
"123","TX","irving","44205701600000",47012,2020,1041752554,741265712,49882637,2783609,0,0,164966856,0,16706512,0,36386710,155312088,11997065,9530747,288606466,37890309,427556057,0,0,0,465446366,"4837000","city of irving","irving city",256687
"124","TX","el paso","44207100200000",43166,2020,2782722728,1608864857,175729645,7552341,0,7059380,590743738,0,156786139,0,69805882,248370140,90009016,31837251,562855469,88901985,844169891,0,0,0,933071876,"4824000","city of el paso","el paso city",678697
"125","TX","plano","44204300900000",38665,2020,747692669,537963438,66533729,0,0,0,74014899,0,12327491,0,48803200,241447378,38930198,16493053,352664739,50403734,599131634,169258210,2400853,0,649535368,"4858016","city of plano","plano city",285469
"126","TX","houston","44210100800000",43770,2020,25651079000,13051137000,803248000,0,0,559227000,4944343000,0,2233624000,0,522645000,2151299000,617294000,243887000,2495081000,-13570000,5521131000,0,0,0,5507561000,"4835000","city of houston","houston city",2301572
"127","VA","chesapeake","47210570100000",230275,2020,1137616969,717700020,84316399,0,1319095,0,162210178,0,41676036,0,23227413,147623419,124720601,28940701,554164489,39752932,815696278,78500028,2920588,5468018,855449210,"5116000","city of chesapeake","chesapeake city",249415
"128","VA","virginia beach","47213200100000",230476,2020,2174515595,1383608358,103328094,0,0,0,417692180,0,103615930,0,50506959,311619577,230798711,14456834,1075242969,85729324,1546388767,0,0,0,1632118091,"5182000","city of virginia beach","virginia beach city",459471
"129","VA","richmond","47212700100000",230420,2020,2594525942,1801261313,199271710,0,0,33473000,370679024,0,116933633,0,24131176,540541796,39215046,36117578,574942301,73469336,1117347385,0,0,0,1190816721,"5167000","city of richmond","richmond city",226618
"130","VA","norfolk","47212200100000",230389,2020,2126539198,1480231849,190368768,0,0,0,319781825,0,75620871,0,26136799,219229604,161602162,1449786,553797136,26726390,909352298,0,0,0,936078688,"5157000","city of norfolk","norfolk city",238001
"131","TX","san antonio","44201501000000",38656,2020,6535995000,3585735000,443951000,7093000,0,7341000,993046000,0,1170748000,0,245737000,557124000,268731000,80328000,1664123000,-10258000,2580564000,0,0,0,2570306000,"4865000","city of san antonio","san antonio city",1434367
"132","NC","charlotte","34206000100000",36713,2020,6759442000,3320636000,575342000,0,274074000,346539000,618604000,0,531962000,0,87508000,959272000,107838000,223111000,994777000,258473000,2026525000,0,0,0,2284998000,"3712000","city of charlotte","charlotte city",874607
"133","TX","lubbock","44215200200000",38693,2020,1869606346,1249891322,96255991,1988956,6925000,0,167632275,0,150930890,0,38129914,422697601,33399167,43728823,250173473,109007895,640991169,0,0,0,749999064,"4845000","city of lubbock","lubbock city",257157
"134","CA","oakland","05200100900000",31740,2020,3808291000,898898000,324048000,43743000,4250000,0,1717434000,0,598569000,0,57728000,261028000,130396000,2446000,924171000,218438000,1099603000,0,0,0,1318041000,"0653000","city of oakland","oakland city",440660
"135","CA","irvine","05203090100000",31829,2020,247393000,0,57504000,0,0,0,146569000,0,8219000,0,17328000,90339000,44589000,45591000,199669000,-17645000,397833000,0,0,0,380188000,"0636770","city of irvine","irvine city",307665
"136","CA","santa ana","05203001600000",31826,2020,1014020583,80232506,110846149,2628034,1898200,29480430,666536096,0,52935451,0,28343832,159456411,83584114,19764765,266463537,2394914,526873913,57061740,1357798,0,529268827,"0669000","city of santa ana","santa ana city",310555
"137","CA","anaheim","05203000100000",31819,2020,3138253000,1782802000,169081000,2495000,0,33063000,790303000,0,161507000,0,24248000,704968000,158893000,55530000,328865000,-26040000,1274296000,0,0,0,1248256000,"0602000","city of anaheim","anaheim city",346825
"138","CA","san diego","05203701000000",44032,2020,7466528000,2527648000,695168000,225200000,268771000,57305000,2671000000,0,462516000,0,91041000,1601654000,245109000,134803000,1454307000,-34133000,3470006000,360823000,29114000,21039000,3435873000,"0666000","city of san diego","san diego city",1386960
"139","CA","sacramento","05203400500000",42691,2020,3150700000,1346181000,246136000,8328000,0,73628000,1046941000,0,248904000,0,47131000,516030000,77327000,193384000,557982000,155680000,1189043000,0,0,0,1344723000,"0664000","city of sacramento","sacramento city",524924
"140","ID","boise","13200100100000",32682,2020,224761000,63785000,52760000,1631000,0,0,82764000,54173000,15136000,0,8684000,194227000,43887000,26319000,214621000,86486000,392568000,0,0,0,479054000,"1608830","city of boise","boise city city",235712
"141","NV","henderson","29200200100000",35518,2020,1048710549,407774280,67676930,138808,873366,0,411959319,0,85625605,0,50511244,203985025,9272182,70317020,303048034,13099554,573522707,0,0,0,586622261,"3231900","city of henderson","henderson city",317310
"142","OH","cincinnati","36203100600000",36933,2020,3389782000,1238677000,125427000,23751000,56304000,60551000,1498856000,0,211704000,0,142610000,365692000,62975000,31378000,641234000,-331352000,1432631000,174786000,20026000,10021000,1101279000,"3915000","city of cincinnati","cincinnati city",309561
"143","TX","garland","44205701200000",44101,2020,1457720709,1039033993,129484878,0,0,0,15972628,0,85640582,0,29549404,492396533,31861124,15018132,186947419,97914077,628309131,0,0,0,726223208,"4829000","city of garland","garland city",246001
"144","TX","fort worth","44222001100000",38708,2020,6248476000,1879910000,379448000,1473000,309000,56890000,2259058000,0,970878000,0,160866000,681717000,662064000,283756000,962521000,2075307000,514751000,0,0,0,2590058000,"4827000","city of fort worth","fort worth city",918937
"145","CA","stockton","05203900400000",31865,2020,1157881712,351085812,53832392,406376,10870821,126300000,536028393,0,0,0,11960578,168833357,28822891,37484858,312843239,73248785,474735560,57518599,5449160,3853942,547984345,"0675000","city of stockton","stockton city",320810
"146","MI","detroit","23208200400000",34317,2020,5377049394,2822384399,466040162,0,26503010,0,1792678121,37262730,0,0,98596755,783231122,345717294,34525983,991664813,-27406870,2182546082,0,0,0,2155139212,"2622000","city of detroit","detroit city",639115
"147","NV","las vegas","29200200200000",35519,2020,1814290240,646092887,97549812,1754720,0,0,878316585,0,55107913,0,48860079,330284946,146134231,252074885,496501417,266783614,958211865,0,0,0,1224995479,"3240000","city of las vegas","las vegas city",644866
"148","NE","lincoln","28205500700000",35447,2020,1682625102,1267089000,173650869,30997000,28324000,1985000,75894676,0,20079000,0,31729000,507542785,74705078,46079313,250538595,114909330,763956441,0,0,0,878865771,"3128000","city of lincoln","lincoln city",291105
"149","NV","north las vegas","29200200300000",35520,2020,756950708,396609437,36924302,0,0,0,218565388,0,43455396,0,39763823,234123079,31065271,58452341,168964003,103642169,388962525,0,0,0,492604694,"3251800","city of north las vegas","north las vegas city",259520
"150","TX","laredo","44224000100000",40881,2020,1409404951,781929706,46912739,5653780,0,1480535,250329436,0,265995373,0,44279265,274158530,60130269,30689529,161406688,-23131626,549516642,0,0,0,526385016,"4841464","city of laredo","laredo city",255212
"151","TX","corpus christi","44217800300000",38701,2020,1928720995,1505667321,87504254,17670831,0,8842000,227467000,0,9212565,0,37242980,344338910,23391698,19483314,280200099,181679351,485734670,0,4609185,0,667414021,"4817000","city of corpus christi","corpus christi city",317863
"152","NV","reno","29201600100000",35523,2020,1064576354,481381079,41238414,0,0,0,249852734,0,168272737,0,25389581,161650132,30352867,85458386,201181621,112868083,365774923,0,0,0,478643006,"3260600","city of reno","reno city",264147
"153","FL","orlando","10204800900000",148141,2020,2034575660,756004787,318979012,0,223265085,0,289467567,0,350601860,0,48675638,380862017,31949000,136229691,530284699,173750520,905574887,106031788,11127577,11721956,1079325407,"1253000","city of orlando","orlando city",307683
"154","AZ","tucson","03201000200000",31644,2020,2732347205,581382673,229636476,12211953,32183254,0,1365520009,0,202517172,0,45516967,437719093,187952683,102928259,574999906,198628352,1104971593,0,0,0,1303599945,"0477000","city of tucson","tucson city",542656
"155","OH","columbus","36202500300000",44337,2020,7128521000,4753916000,239192000,0,0,44334000,1466875000,0,471418000,0,116703000,785156000,330695000,104070000,1248105000,271881000,2196145000,0,0,0,2468026000,"3918000","city of columbus","columbus city",905839
"156","TX","arlington","44222000100000",31543,2020,2015112000,1553649000,55342000,0,0,0,140590000,275000,125761000,65000,39544000,242282000,21193000,383856000,341376000,390098000,598609000,0,0,0,988707000,"4804000","city of arlington","arlington city",394257
"157","MA","boston","22201300100000",34032,2020,6518670000,1208360000,591067000,56410000,0,23308000,1754871000,0,2273281000,0,250008000,305892000,788801000,38382000,3126113000,613786000,3645402000,0,0,0,4259188000,"2507000","city of boston","boston city",675632
"158","NM","albuquerque","32200100100000",35917,2020,2308654159,631777067,201164074,0,25544834,0,773785015,0,256989344,0,47498529,220210849,89662962,69351254,740933930,37016534,1083142461,0,12673342,0,1120158995,"3502000","city of albuquerque","albuquerque city",564581
"159","FL","tampa","10202900300000",32297,2020,1547995667,869169867,109988927,4070236,21039909,77068900,201706974,0,135123704,0,66834663,459692931,75115064,68947462,388609604,69614792,922750269,0,0,0,992365061,"1271000","city of tampa","tampa city",384661
"160","AL","huntsville","01204500100000",31569,2020,1335234757,133543738,71574650,0,0,0,211600490,0,66108743,0,23930976,103009837,34845297,1911872,304661247,11621104,432807149,0,0,0,444428253,"0137000","city of huntsville","huntsville city",215052
"161","FL","miami","10201301300000",398462,2020,2854317892,327700020,127908952,29641986,15454063,182155000,994144647,0,867949431,0,74312829,236702616,120557951,7128248,660180721,-71396627,1095966163,0,0,0,1024569536,"1245000","city of miami","miami city",442260
"162","CO","aurora","06200350100000",31994,2020,1061881120,510407846,92284768,34815411,0,28488376,141270730,7607439,19443717,0,41436620,267428589,65048572,393934692,432231478,407921998,750721333,0,113520685,77081128,1158643331,"0804000","city of aurora","aurora city",386324
"163","CA","chula vista","05203700200000",31856,2020,596108688,91612677,24799864,5188939,5418000,2222645,334945720,0,25079014,0,11046493,137342276,16690347,25449043,210911129,77376227,313016568,0,0,0,390392795,"0613392","city of chula vista","chula vista city",275500
"164","MD","baltimore","21200400100000",33980,2020,9195780000,4003667000,821471000,157753000,13919000,0,1875711000,9121000,1245666000,0,175875000,743585000,378546000,314112000,1756858000,-115150000,3308251000,0,0,0,3193101000,"2404000","city of baltimore","baltimore city",585693
"165","CA","fremont","05200100500000",96340,2020,675792497,143098514,30509891,0,272727,0,390302773,0,82735272,0,13385099,72064554,22360871,78394477,216360939,39007907,350172934,0,0,0,389180841,"0626000","city of fremont","fremont city",230493
"166","TX","dallas","44205700700000",38669,2020,12969622000,5960897000,520329000,586522000,0,241884000,4693271000,0,530989000,0,140853000,1209619000,233854000,70352000,1668152000,462995000,2718982000,0,0,0,3181977000,"4819000","city of dallas","dallas city",1304317
"167","TX","austin","44222700100000",38712,2020,15202009000,6967251000,536339000,27022000,0,366480000,3003314000,0,3504494000,0,180250000,2646659000,214917000,208269000,1176219000,-333681000,4579745000,0,0,0,4246064000,"4805000","city of austin","austin city",961900
"168","AZ","phoenix","03200701000000",31636,2020,13930794000,7346374000,770903000,2307000,254428000,0,4963845000,0,206308000,61488000,168066000,1525160000,481162000,240722000,1972439000,102061000,4117422000,0,0,0,4219483000,"0455000","city of phoenix","phoenix city",1608190
"169","CA","san jose",NA,101868,2020,7622101000,2288316000,448264000,12431000,733000,241376000,3383225000,0,976545000,715000,93159000,1335778000,189737000,155793000,1199400000,-93911000,2974619000,0,0,0,2880708000,"0668000",NA,"san jose city",1013221
"170","FL","hialeah","10201300800000",96403,2020,1038077167,119830281,66240270,8609579,865733,10668191,302477430,2878477,441473906,0,32843878,149132127,25349120,12217671,143848620,-24664618,355212156,0,0,0,330547538,"1230000","city of hialeah","hialeah city",223123
"171","IA","des moines","16207700500000",71073,2020,866817685,546602773,41591897,22534981,7610000,4311444,177894533,0,22869853,0,0,168206556,68650260,33260236,238104812,71434184,436787680,0,0,0,508221864,"1921000","city of des moines","des moines city",214125
"172","CO","colorado springs","06202100200000",31999,2020,3956973674,2866712000,291779855,29877000,0,14490000,424986000,4565101,84007000,0,40877000,1050745549,73426500,162642977,123163152,5288329,1404689849,0,0,0,1409978178,"0816000","city of colorado springs","colorado springs city",479016
"173","WI","madison","50201301100000",39884,2020,1121052486,879654055,90341077,1620000,0,0,105508,57561292,82355761,0,66861699,170732468,69570546,30838943,326922865,33570837,564493985,0,0,0,598064822,"5548000","city of madison","madison city",269769
"174","MN","minneapolis","24202702000000",1036390,2020,1730749000,717596000,103434000,0,0,112392000,528974000,0,41281000,0,47724000,420478000,128766000,39030000,559151000,67233000,1080192000,0,0,0,1147425000,"2743000","city of minneapolis","minneapolis city",429985
"175","OH","cleveland","36201801400000",36922,2020,4080064000,2148742000,410745000,0,73441000,0,893120000,0,344486000,0,0,730020000,143682000,100862000,591664000,24162000,1542066000,0,0,0,1566228000,"3916000","city of cleveland","cleveland city",372632
"176","WI","milwaukee","50204100900000",39892,2020,4631245000,1322744000,189324000,0,303147000,180000000,850751000,0,1690355000,0,50710000,408224000,165929000,13549000,700924000,-296004000,1584630000,98587,4931,493,1288626000,"5553000","city of milwaukee","milwaukee city",577225
"177","NE","omaha","28202800400000",35443,2020,3055956416,1077928756,83975087,228220238,0,5855549,967110658,0,491560909,0,93007157,290719099,144950074,46667247,462907209,165633338,779610291,0,0,0,945243629,"3137000","city of omaha","omaha city",491743
"178","IL","chicago","14201601600000",32795,2020,69251891000,19517837000,4835603000,0,7254252000,1648820000,32958251000,0,1963340000,0,0,3483684000,1166768000,292265000,6272658000,1037609000,10177766000,0,0,0,11215375000,"1714000","city of chicago","chicago city",2746352
"179","GA","atlanta","11206000200000",42897,2020,10846929000,6741826000,510812000,212120000,926000,185690000,1114364000,0,992098000,0,24678000,1199257000,55389000,258186000,1107416000,577522000,2042726000,0,0,0,2620248000,"1304000","city of atlanta","atlanta city",498722
"180","CO","denver county","06201600100000",1266289,2020,11288224000,7772948000,713552000,420341000,0,7565000,1699959000,17721000,249680000,0,197846000,1112258000,329212000,147029000,2119106000,35655000,3671950000,0,0,0,3707605000,"0820000","city and county of denver","denver city",715538
"181","KS","wichita","17208701400000",33468,2020,1466116636,1068344000,64834687,413000,0,111030000,99941000,0,42211000,0,15075000,255626109,84661658,65843781,266850228,74639121,598342655,104016756,2028369,0,672981776,"2079000","city of wichita","wichita city",397547
"182","NY","new york","33203100100000",122258,2020,305300557000,99455082000,30607669000,1547326000,0,0,46376874000,0,109456918000,0,5693120000,5734400000,25835690000,698894000,63652715000,-3984761000,99906460000,21447000,30000,0,95921699000,"3651000","city of new york","new york city",8804194
"183","OH","toledo","36204800700000",98182,2020,1732226000,558552000,48479000,2894000,514109000,73360000,367616000,0,113536000,0,37817000,270963000,31914000,21487000,237239000,82140000,479463000,81875000,2097000,120000,561603000,"3977000","city of toledo","toledo city",270880
"184","PA","pittsburgh","39200205600000",43862,2020,1836357586,458594820,62813200,7422843,0,0,776368485,0,402893514,0,5917299,50740501,65485704,36568346,454424258,25174741,582044068,0,0,0,607218809,"4261000","city of pittsburgh","pittsburgh city",302958
"185","CA","fresno","05201000500000",31759,2020,1541934000,484081000,207987000,43121000,0,408941000,0,244990000,148672000,0,80002000,344539000,119803000,87188000,321656000,70921000,802265000,0,0,0,873186000,"0627000","city of fresno","fresno city",542252
"186","CA","los angeles","05201902700000",149487,2020,50943508000,30270267000,3741504000,54871000,1180448000,429197000,8541000000,0,2674034000,0,943187000,9911858000,1331396000,379988000,5840311000,913613000,16549940000,0,0,0,17463553000,"0644000","city of los angeles","los angeles city",3898767
"187","CA","long beach","05201902600000",31784,2020,5018598000,1961830000,381852000,82423000,0,485789000,1205496000,0,9655000,0,0,1074505000,203883000,145252000,485217000,137846000,1771011000,102486000,3252000,0,1908857000,"0643000","city of long beach","long beach city",466775
"188","IN","fort wayne","15200200100000",33221,2020,1390532275,450118903,51344214,42119026,423298902,0,237996172,0,167460423,0,18194635,211287887,44767244,73369335,244497701,64331101,509591066,0,0,0,573922167,"1825000","city of fort wayne","fort wayne city",263914
"189","PA","philadelphia","39205100100000",42714,2020,19141711000,8953168000,1937322000,0,0,220009000,6095885000,0,1935327000,0,0,1542631000,2337887000,79201000,4717976000,-34593000,8712288000,0,0,0,8677695000,"4260000","city of philadelphia","philadelphia city",1603799
"190","NY","yonkers","33206002800000",36072,2020,4915299122,619039887,311457350,0,2000000,15394238,393017963,3192282,3452182595,0,52157737,90234317,97675473,6916601,1054296336,-173585991,1422708718,0,0,0,1249122727,"3684000","city of yonkers","yonkers city",211585
"191","FL","jacksonville","10201600300000",32292,2020,6319925000,2317159000,199668000,0,79526000,75170000,2985785000,0,261160000,0,145220000,267416000,280509000,41783000,1533763000,-40535000,2164006000,81845000,3622000,0,2123471000,"1235000","city of jacksonville","jacksonville city",949616
"192","WA","spokane","48203201000000",39566,2020,886969987,381708721,41087427,361595,105737915,21601900,179376250,61452699,97392855,0,25615819,291079170,27657425,12665955,253138763,56933983,527607330,0,0,0,584541313,"5367000","city of spokane","spokane city",228978
"193","WA","seattle","48201702100000",39553,2020,9163846000,5619166000,643409000,168000,0,91115000,1471420000,276045000,673085000,0,143102000,2387041000,395179000,72292000,1727222000,196967000,4384767000,0,0,0,4581734000,"5363000","city of seattle","seattle city",737018
"194","NJ","jersey city","31200900600000",108025,2020,1091412205,0,0,0,0,0,0,0,0,0,0,0,0,0,1049105487,9822859,1039282628,0,0,0,1049105487,"3436000","city of jersey city","jersey city city",292754
"195","WA","tacoma","48202701600000",39559,2020,2088340000,253130000,203686000,0,1274381000,841000,43808000,89125000,208422000,0,44245000,878077000,47185000,49052000,254730000,84041000,1145003000,0,0,0,1229044000,"5370000","city of tacoma","tacoma city",219175
"196","MO","st louis","26209600100000",44598,2020,3262271000,1581008000,289003000,15330000,25016000,0,572126000,0,629014000,0,60410000,388882000,67537000,17758000,663607000,19951000,1117833000,0,0,0,1137784000,"2965000","city of st louis","st louis city",301574
"197","CA","san francisco","05203800100000",54175,2020,34557584000,18448410000,1668487000,23490000,202897000,0,4655538000,0,3903016000,0,332989000,4739280000,1973724000,507666000,5299296000,496383000,12023583000,0,0,0,12519966000,"0667000","city and county of san francisco","san francisco city",873959
"198","MN","st paul","24206200900000",101973,2020,0,0,0,0,0,0,0,0,0,0,0,0,0,0,0,0,0,0,0,0,0,"2758000","city of st paul","st paul city",311518
"199","AZ","chandler","03200700300000",31633,2022,937633085,524676261,82806731,0,0,0,212540490,0,81921795,0,14436678,203405767,26462503,31565571,315337214,58046307,518724748,55393260,0,4451743,576771055,"0412000","city of chandler","chandler city",276010
"200","AZ","mesa","03200700800000",31634,2022,4226428000,1926166000,409619000,0,0,1135000,840814000,0,987614000,0,39149000,564475000,106310000,75257000,579490000,85004000,1240528000,0,0,0,1325532000,"0446000","city of mesa","mesa city",504300
"201","AZ","scottsdale","03200701100000",31637,2022,1533417000,887064000,214160000,0,0,0,309646000,0,831000,0,37800000,287754000,53960000,126749000,490391000,277485000,681369000,174463000,0,28203000,958854000,"0465000","city of scottsdale","scottsdale city",241339
"202","CA","irvine","05203090100000",31829,2022,202113000,0,117706000,0,0,0,36051000,0,8475000,0,18488000,106573000,85415000,16785000,186708000,2047000,393434000,0,0,0,395481000,"0636770","city of irvine","irvine city",307665
"203","CA","riverside","05203301200000",31836,2022,2363237000,1668549000,219146000,0,0,59948000,0,140293000,48770000,0,41849000,639546000,56244000,59035000,291401000,171843000,874383000,397947000,0,7667000,1046226000,"0662000","city of riverside","riverside city",315014
"204","CA","modesto","05205000200000",31888,2022,758381147,257309207,102228811,0,27208920,985000,249803716,0,29551870,0,11962073,215170683,16997072,15288882,186394207,82661652,351189192,0,0,0,433850844,"0648354","city of modesto","modesto city",218467
"205","CA","santa clarita","05201940200000",31800,2022,198521702,75762441,63054641,0,0,129277,0,432938,0,2071568,4214133,78217204,50180833,82029431,111900848,112278756,210049560,7498623,0,13402891,322328316,"0669088","city of santa clarita","santa clarita city",228679
"206","MI","detroit","23208200400000",34317,2022,6229907262,2355105376,1297607679,0,43759362,30230000,1664015640,72568602,1476914,0,101424110,811650952,369841417,20276933,1200414093,23569095,2378614300,0,0,0,2402183395,"2622000","city of detroit","detroit city",639115
"207","MO","kansas city","26204800600000",43771,2022,5913070000,4409991000,490036000,0,2388000,72043000,650718000,0,108427000,0,48441000,964837000,322451000,160510000,857076000,259493000,2045381000,0,0,0,2304874000,"2938000","city of kansas city","kansas city city",507971
"208","NC","durham","34203200100000",36706,2022,1073941784,622200678,134348630,0,40642000,0,71632896,0,161244534,0,22656034,193774243,54992989,26877764,322790783,92686723,505749056,0,0,11639108,598435779,"3719000","city of durham","durham city",283588
"209","NC","charlotte","34206000100000",36713,2022,6901313000,3877184000,683951000,0,87783000,353806000,422459000,0,351617000,19506000,90951000,1146740000,220305000,264500000,1042193000,519253000,2154485000,29947000,0,0,2673738000,"3712000","city of charlotte","charlotte city",874607
"210","NC","greensboro","34204100200000",36710,2022,1236425979,800431418,167739658,0,0,0,62478040,0,118633659,0,18377786,260401441,55925966,38581383,310140552,37772485,627276857,130885636,0,980312,665049342,"3728000","city of greensboro","greensboro city",299101
"211","NC","winston-salem","34203400200000",36708,2022,1160941196,673550586,53162489,0,7941,0,89185304,0,1459209,0,17642620,187288662,72429812,8164009,225709206,85169060,408422629,126622867,0,7059431,493591689,"3775000","city of winston-salem","winston-salem city",249562
"212","NC","raleigh","34209200800000",36728,2022,2373022529,858501168,253811684,0,0,265461101,334714867,0,0,0,33421060,429986557,122530555,75953509,447680167,263409672,812741116,0,0,0,1076150788,"3755000","city of raleigh","raleigh city",467762
"213","NM","albuquerque","32200100100000",35917,2022,2129715209,829153802,222446271,0,14663011,0,576889743,0,257870420,0,53682260,249778838,121837274,63782614,812812711,78833425,1169378012,0,0,0,1248211437,"3502000","city of albuquerque","albuquerque city",564581
"214","NV","henderson","29200200100000",35518,2022,951986142,404688219,114953208,0,0,0,69332241,0,276458484,0,49694528,225686254,31996027,205248435,362279258,287141338,538068636,91083058,0,21097176,825209974,"3231900","city of henderson","henderson city",317310
"215","NV","north las vegas","29200200300000",35520,2022,773407052,387065774,78396333,0,0,0,149081779,0,86225700,0,43614126,275884499,50815481,84066330,194613518,188381430,416998398,149055186,0,7538599,605379828,"3251800","city of north las vegas","north las vegas city",259520
"216","NV","reno","29201600100000",35523,2022,1014653647,462283185,96793065,0,8574144,0,173851338,0,133546458,0,29721593,182041843,24057072,33427552,207552878,67271735,379807610,76224743,0,0,447079345,"3260600","city of reno","reno city",264147
"217","NY","buffalo",NA,149470,2022,2397811958,325895466,692117144,0,0,0,19726695,19434271,1312274426,0,31714760,103699254,50557549,44754415,488512559,90117687,597406090,23295302,0,0,687523777,"3611000",NA,"buffalo city",278301
"218","NY","rochester","33202800800000",36037,2022,1830117000,86501000,386083000,0,14114000,118929000,18097000,24958000,1147549000,0,0,230265000,50265000,35888000,517537000,45881000,788074000,40949000,0,0,833955000,"3663000","city of rochester","rochester city",211321
"219","NY","yonkers","33206002800000",36072,2022,3847030036,714141046,256605370,0,1600000,5779845,26278719,306758536,2595913992,0,47211780,96399112,192261764,2635346,1137882712,199032778,1230146156,0,0,0,1429178934,"3684000","city of yonkers","yonkers city",211585
"220","NY","new york","33203100100000",122258,2022,0,0,0,0,0,0,0,0,0,0,0,0,0,0,0,0,0,0,0,0,0,"3651000","city of new york","new york city",8804194
"221","OH","cincinnati","36203100600000",36933,2022,2670728000,1237978000,128421000,0,73234000,8606000,955536000,0,78113000,139255000,136936000,361318000,197906000,33247000,572236000,425158000,739549000,0,0,0,1164707000,"3915000","city of cincinnati","cincinnati city",309561
"222","OK","tulsa","37207201000000",37344,2022,1214772000,785125000,64654000,0,0,0,236765000,0,3211000,0,38788000,137795000,46704000,10731000,518095000,117570000,595755000,0,0,2265000,713325000,"4075000","city of tulsa","tulsa city",413123
"223","OK","oklahoma city","37205501500000",125837,2022,2377773000,1199834000,127420000,0,0,15865000,173541000,230032000,419069000,0,93593000,142983000,111767000,60847000,840268000,234278000,921587000,0,0,0,1155865000,"4055000","city of oklahoma city","oklahoma city city",681084
"224","OR","portland","38202600300000",37572,2022,8413392207,3069701267,519532981,0,58807244,0,4275718773,0,114572168,9210449,106449714,1324067844,230537110,197033920,874439576,531653367,2094425083,0,0,293221,2626078450,"4159000","city of portland","portland city",652518
"225","TX","houston","44210100800000",43770,2022,22502566000,13846016000,1614261000,0,0,397629000,2322472000,130298000,2350595000,0,570241000,2325314000,1157487000,786585000,2493926000,2196165000,4567147000,481174000,0,41047000,6763312000,"4835000","city of houston","houston city",2301572
"226","TX","plano","44204300900000",38665,2022,794523367,650152000,74594509,0,0,2460000,0,37631774,0,5690194,55282141,279799737,46287625,8093270,340450341,75194295,599436678,191403438,0,0,674630973,"4858016","city of plano","plano city",285469
"227","VA","virginia beach","47213200100000",230476,2022,2142426048,1385112973,213021020,0,0,0,260062702,0,99991906,0,47833459,340006646,213653855,11544270,1213687816,167244189,1611648398,0,0,0,1778892587,"5182000","city of virginia beach","virginia beach city",459471
"228","VA","chesapeake","47210570100000",230275,2022,1015516870,762090178,64408805,0,1319095,7036800,69545639,0,46144784,101954,28383652,151793979,168065281,22145035,622019372,82240735,881782932,0,0,0,964023667,"5116000","city of chesapeake","chesapeake city",249415
"229","TN","memphis","43207900500000",38563,2022,4889827000,2641127000,647971000,0,299356000,0,555464000,0,662704000,0,128376000,2046432000,8628000,24406000,1087851000,104307000,3063010000,0,0,0,3167317000,"4748000","city of memphis","memphis city",631539
"230","VA","norfolk","47212200100000",230389,2022,2142201352,1581708183,265062165,0,52762400,0,38108794,0,116281900,0,24940547,264872163,233841799,-4788,578455845,222543615,854621404,0,0,0,1077165019,"5157000","city of norfolk","norfolk city",238001
"231","VA","richmond","47212700100000",230420,2022,2499202932,848754194,338178896,0,0,931123400,257171812,0,24127873,0,26018898,646946329,34283740,33641369,618754280,197559747,1136065971,0,0,0,1333625718,"5167000","city of richmond","richmond city",226618
"232","NV","las vegas","29200200200000",35519,2022,1569744421,563889213,205304722,0,0,0,565585141,0,53751119,0,49788130,385923698,61112734,224157332,565819321,429222279,807790806,100579153,0,19417743,1237013085,"3240000","city of las vegas","las vegas city",644866
"233","FL","st petersburg","10205202000000",32314,2022,1372623906,781161000,120618798,0,0,83621000,21846061,63081265,261024918,0,31840000,373100409,35264222,8923497,291890364,83742366,625436126,176026971,0,0,709178492,"1263000","city of st petersburg","st petersburg city",258356
"234","TX","el paso","44207100200000",43166,2022,2658808584,1789987568,320617220,0,0,1050000,249896511,0,120299852,0,75405005,263099225,112141064,50154444,629533684,234010264,820918153,49320190,0,6907706,1054928417,"4824000","city of el paso","el paso city",678697
"235","TX","fort worth","44222001100000",38708,2022,6295537000,2083885000,455775000,0,0,121945000,2062436000,0,864008000,0,166900000,803414000,145939000,343178000,1065511000,273160000,2084882000,0,0,0,2358042000,"4827000","city of fort worth","fort worth city",918937
"236","CA","san jose",NA,101868,2022,6812578000,2525978000,613669000,0,733000,236870000,2342879000,2747000,778224000,1878000,92902000,1380016000,301400000,86541000,1318845000,270070000,2816732000,0,0,0,3086802000,"0668000",NA,"san jose city",1013221
"237","AZ","phoenix","03200701000000",31636,2022,14245771000,1150641000,1734722000,0,10087000,0,4643155000,0,178162000,76657000,175436000,2045309000,837255000,546520000,2261125000,1103249000,4586960000,0,0,0,5690209000,"0455000","city of phoenix","phoenix city",1608190
"238","AZ","tucson","03201000200000",31644,2022,3361849981,527500151,299609530,0,22282060,0,1376887466,0,187936363,0,51854178,434584257,298420411,79431381,609027958,126840553,1294623454,0,0,0,1421464007,"0477000","city of tucson","tucson city",542656
"239","CA","moreno valley","05203340100000",31838,2022,242737682,73191934,72758179,0,0,0,54897196,0,5274815,0,6610838,83851225,74406329,6948902,124694861,57496890,232404427,0,0,0,289901317,"0649270","city of moreno valley","moreno valley city",208640
"240","CA","san diego","05203701000000",44032,2022,7496904000,2529338000,825053000,0,341821000,195094000,2164171000,0,429719000,0,100273000,1740489000,478558000,147296000,1664631000,454428000,3576546000,387059000,43642000,51155000,4030974000,"0666000","city of san diego","san diego city",1386960
"241","CA","chula vista","05203700200000",31856,2022,664878438,416969453,97471659,0,0,8995027,0,160773888,27450132,0,10244609,138113506,47300700,58796673,241700662,122883399,363028142,0,0,0,485911541,"0613392","city of chula vista","chula vista city",275500
"242","CA","los angeles","05201902700000",149487,2022,51289709000,35763795000,3799884000,0,823080000,448540000,5077435000,4360069000,906744000,518993000,1060408000,11244780000,2453643000,310659000,5943845000,3397563000,16555364000,0,0,0,19952927000,"0644000","city of los angeles","los angeles city",3898767
"243","CA","santa ana","05203001600000",31826,2022,1403334770,485391226,243770826,0,9185092,20530157,498809640,0,54557539,0,30503911,177628705,128397671,32255191,319034715,109501777,547814505,0,0,0,657316282,"0669000","city of santa ana","santa ana city",310555
"244","CA","fremont","05200100500000",96340,2022,529449234,127176014,28292265,0,0,0,272252574,0,70589546,0,15544643,51018369,68667454,32883522,241328124,107713270,286184199,0,0,0,393897469,"0626000","city of fremont","fremont city",230493
"245","CA","sacramento","05203400500000",42691,2022,2743937000,1254208000,128735000,0,0,159913000,740591000,0,196805000,0,57146000,540529000,236158000,128123000,576214000,267785000,1213239000,0,0,0,1481024000,"0664000","city of sacramento","sacramento city",524924
"246","CA","fresno","05201000500000",31759,2022,1588277000,410305000,267898000,0,0,426781000,0,805653000,99760000,0,98003000,490371000,145518000,146446000,370666000,225530000,927471000,0,0,0,1153001000,"0627000","city of fresno","fresno city",542252
"247","CA","oakland","05200100900000",31740,2022,3521415000,952706000,479424000,0,0,0,1215883000,0,617469000,0,58975000,258831000,229733000,5249000,1060700000,454890000,1099623000,0,0,0,1554513000,"0653000","city of oakland","oakland city",440660
"248","CA","anaheim","05203000100000",31819,2022,3020278000,1970689000,203874000,0,23875000,0,510106000,0,107149000,0,24459000,773812000,247874000,61453000,368442000,261557000,1190024000,0,0,0,1451581000,"0602000","city of anaheim","anaheim city",346825
"249","AZ","glendale","03200700600000",44287,2022,1604194000,836539000,97002000,0,0,0,339191000,0,631000,7304000,31565000,186019000,90069000,45616000,362277000,160263000,523718000,0,0,0,683981000,"0427820","city of glendale","glendale city",248374
"250","GA","atlanta","11206000200000",42897,2022,10576224000,6733823000,543848000,0,809000,688869000,619780000,0,884365000,0,35238000,1170928000,144862000,241490000,1285319000,697426000,2145173000,0,0,0,2842599000,"1304000","city of atlanta","atlanta city",498722
"251","IA","des moines","16207700500000",71073,2022,993840693,675462214,135295458,0,6048000,4001633,42649067,0,27681903,0,0,170274064,75140443,36523478,265319885,99792531,447465339,0,0,0,547257870,"1921000","city of des moines","des moines city",214125
"252","ID","boise","13200100100000",32682,2022,472982000,182806000,130517000,0,0,0,138187000,74689000,12226000,0,9290000,242000000,44081000,41118000,195357000,61710000,460846000,0,0,0,522556000,"1608830","city of boise","boise city city",235712
"253","MA","boston","22201300100000",34032,2022,6757265000,1661956000,722188000,0,0,20286000,1080235000,0,2310198000,0,247599000,304876000,864380000,42584000,3376084000,260887000,4327037000,0,0,0,4587924000,"2507000","city of boston","boston city",675632
"254","NE","lincoln","28205500700000",35447,2022,1675570342,1171244000,183298989,0,24520000,67223000,74246000,0,28734000,0,36396000,588612058,125599187,41007693,273685627,169359618,859544947,0,0,0,1028904565,"3128000","city of lincoln","lincoln city",291105
"255","TX","lubbock","44215200200000",38693,2022,1921731747,1460851266,142484404,0,6011234,0,99473975,0,154946406,0,41646009,567872112,44212527,51581643,280129454,160667327,783128409,0,0,0,943795736,"4845000","city of lubbock","lubbock city",257157
"256","FL","tampa","10202900300000",32297,2022,2035173450,1360017637,213067690,0,22214519,88655450,139826968,0,70312514,0,71042984,557683301,128425128,89718461,376037668,79597510,1072267048,0,0,0,1151864558,"1271000","city of tampa","tampa city",384661
"257","OH","columbus","36202500300000",44337,2022,6848750000,5013682000,376549000,0,0,51090000,1099799000,0,160018000,72950000,121683000,857872000,323809000,103226000,1245673000,435298000,2095282000,0,0,0,2530580000,"3918000","city of columbus","columbus city",905839
"258","FL","miami","10201301300000",398462,2022,3111775783,440694884,228491399,0,44057648,0,1301418710,0,777314329,0,93646983,302932638,190492332,8060969,726370471,14191409,1213665001,0,0,0,1227856410,"1245000","city of miami","miami city",442260
"259","TX","laredo","44224000100000",40881,2022,1494245564,943891766,118603456,0,0,5603124,187273236,0,172161855,0,47515435,343310708,72095108,59384112,183393669,91995365,566188232,0,0,0,658183597,"4841464","city of laredo","laredo city",255212
"260","TX","garland","44205701200000",44101,2022,1864177891,1343946148,206533576,0,0,146980000,0,62295681,95156017,0,29411398,579652701,28238828,18117025,235344909,142878611,718474852,0,0,0,861353463,"4829000","city of garland","garland city",246001
"261","TX","irving","44205701600000",47012,2022,1295144867,1027142362,96059019,0,0,2458000,86682386,90987916,17063616,0,36014881,182470050,30879940,4962354,343199997,123024100,438488241,0,0,0,561512341,"4837000","city of irving","irving city",256687
"262","FL","orlando","10204800900000",148141,2022,1568238037,686759711,123244285,0,228026256,0,130635034,0,271036950,0,48229362,505210777,89748805,48959006,514511592,180245459,978184721,118459463,7969699,5556256,1158430180,"1253000","city of orlando","orlando city",307683
"263","TX","san antonio","44201501000000",38656,2022,5928044000,3663626000,582568000,0,0,0,454333000,0,811969000,0,253877000,576468000,503187000,141956000,1882279000,524963000,2578927000,0,0,0,3103890000,"4865000","city of san antonio","san antonio city",1434367
"264","CA","stockton","05203900400000",31865,2022,971707056,0,0,0,0,0,321906746,0,0,0,0,229267935,103378763,59583136,216736603,216736603,457492661,66012825,47298,7399219,674229264,"0675000","city of stockton","stockton city",320810
"265","TX","austin","44222700100000",38712,2022,16018263000,7619909000,943208000,0,0,260500000,2023188000,0,4253955000,0,181131000,3231731000,156760000,243476000,1571870000,226318000,4977519000,0,0,0,5203837000,"4805000","city of austin","austin city",961900
"266","MO","st louis","26209600100000",44598,2022,3354252000,974003000,792369000,0,18238000,0,348807000,22299000,441033000,0,49315000,408762000,89542000,16010000,718630000,178372000,1054572000,0,0,0,1232944000,"2965000","city of st louis","st louis city",301574
"267","TX","corpus christi","44217800300000",38701,2022,1955699167,1501865788,151263653,0,0,36465000,141067731,0,13937528,0,48785499,412462570,37657480,34629586,314911331,165865397,633795570,0,3308772,0,799660967,"4817000","city of corpus christi","corpus christi city",317863
"268","TX","arlington","44222000100000",31543,2022,1969829000,1639401000,130931000,0,0,0,0,119626000,143042000,0,44340000,291213000,44613000,10410000,385070000,52663000,678643000,0,0,0,731306000,"4804000","city of arlington","arlington city",394257
"269","WI","madison","50201301100000",39884,2022,1169202369,851009801,164087581,0,0,5422142,76490,147384003,69016664,0,65743716,211913957,125767943,35958407,353381558,119680403,607341462,0,0,0,727021865,"5548000","city of madison","madison city",269769
"270","TX","dallas","44205700700000",38669,2022,12395558000,5760243000,866539000,0,0,163123000,4029247000,0,221571000,0,135500000,1459862000,228428000,95922000,1875970000,867811000,2792371000,0,0,0,3660182000,"4819000","city of dallas","dallas city",1304317
"271","FL","hialeah","10201300800000",96403,2022,938926163,103663582,152072925,0,568185,15226680,213092488,5522808,360568124,0,34892565,154152361,33158637,9803601,162395856,53343999,306166456,0,0,0,359510455,"1230000","city of hialeah","hialeah city",223123
"272","CO","colorado springs","06202100200000",31999,2022,3731698820,2985946000,367653659,0,0,18888000,56124000,80045963,63978000,0,46899000,1429992400,59534723,269877654,418067473,638901971,1538570279,0,0,0,2177472250,"0816000","city of colorado springs","colorado springs city",479016
"273","CA","long beach","05201902600000",31784,2022,4933926000,1751642000,372234000,0,0,520440000,1305415000,0,4165000,0,227549000,1424821000,302832000,218260000,539629000,-1196846000,3682388000,0,0,0,2485542000,"0643000","city of long beach","long beach city",466775
"274","IN","fort wayne","15200200100000",33221,2022,1658417371,440391686,112730310,0,655166416,0,219498841,0,151689246,0,19998425,239152436,55418041,12212760,297241682,185729982,418294937,0,0,0,604024919,"1825000","city of fort wayne","fort wayne city",263914
"275","CO","aurora","06200350100000",31994,2022,1259754593,0,164693658,0,0,21903607,79207501,89943213,24874408,0,687048526,302987917,41181276,353088035,508875357,426277102,779855483,0,101158218,83728351,1206132585,"0804000","city of aurora","aurora city",386324
"276","KS","wichita","17208701400000",33468,2022,1642844484,1133851000,151871867,0,93713000,130955000,0,49328335,35568000,0,14464000,300766757,102883611,44907391,294004383,129248332,613313810,126164734,1682388,0,742562142,"2079000","city of wichita","wichita city",397547
"277","WI","milwaukee","50204100900000",39892,2022,3897051000,1395742000,520986000,0,258802000,0,380776000,0,1228831000,0,47949000,445623000,208211000,15680000,696622000,119408000,1246728000,98968,973,74,1366136000,"5553000","city of milwaukee","milwaukee city",577225
"278","IL","chicago","14201601600000",32795,2022,73965305000,26882986000,6226434000,0,450000000,1539160000,35436606000,0,1835039000,0,0,4188847000,924289000,184594000,7550396000,-510399000,13358525000,0,0,0,12848126000,"1714000","city of chicago","chicago city",2746352
"279","OH","cleveland","36201801400000",36922,2022,3610810000,2030195000,650009000,0,57898000,0,613353000,7250000,77665000,60518000,45677000,766913000,324811000,67289000,719980000,489649000,1389344000,0,0,0,1878993000,"3916000","city of cleveland","cleveland city",372632
"280","AL","huntsville","01204500100000",31569,2022,1392121153,234339534,101586047,0,0,0,195197117,0,62796537,0,33634200,133237595,13957957,19249286,461782677,116504977,511722538,0,0,0,628227515,"0137000","city of huntsville","huntsville city",215052
"281","LA","new orleans",NA,1266697,2022,2749724000,892282000,217484000,0,0,2666000,1008184000,0,137415000,0,58388000,310360000,321544000,150276000,618227000,299365000,1101042000,0,0,0,1400407000,"2255000",NA,"new orleans city",383998
"282","NE","omaha","28202800400000",35443,2022,3372148632,1123086746,207219201,0,0,29658836,975536427,0,505771438,0,90377835,364480410,208754441,117392965,528231568,286900898,931958486,0,0,0,1218859384,"3137000","city of omaha","omaha city",491743
"283","CA","san bernardino","05203601000000",31848,2022,660674289,100503830,126966481,0,0,3600000,326502961,0,0,2546218,8951607,113582059,47200989,8790977,185894306,92432185,263036146,43150124,2817456,0,355468331,"0665000","city of san bernardino","san bernardino city",222068
"284","MD","baltimore","21200400100000",33980,2022,8977765000,4518909000,1408246000,0,7995000,24252000,1284106000,12630000,102595000,0,196152000,791213000,453220000,59708000,2079211000,629776000,2753576000,0,0,0,3383352000,"2404000","city of baltimore","baltimore city",585693
"285","MN","minneapolis","24202702000000",1036390,2022,2301573000,735108000,279833000,0,0,1225000,872688000,0,48422000,0,49775000,503856000,261019000,812000,530858000,179924000,1116621000,0,0,0,1296545000,"2743000","city of minneapolis","minneapolis city",429985
"286","PA","pittsburgh","39200205600000",43862,2022,2219133011,495000664,307743484,0,0,0,924293454,0,352713530,0,24771811,71429523,114602840,26589731,563243176,112287347,663577923,0,0,0,775865270,"4261000","city of pittsburgh","pittsburgh city",302958
"287","WA","spokane","48203201000000",39566,2022,826490515,352433309,36792571,0,108446388,14598300,0,102836353,0,0,28250771,305714697,76907767,23506727,272290970,64009741,614410420,0,0,0,678420161,"5367000","city of spokane","spokane city",228978
"288","OH","toledo","36204800700000",98182,2022,1755747000,493255000,246626000,0,548089000,74912000,286965000,0,42065000,16929000,38787000,277862000,82178000,21256000,300412000,161695000,520013000,91230000,3202000,0,681708000,"3977000","city of toledo","toledo city",270880
"289","WA","seattle","48201702100000",39553,2022,9298697000,5810907000,786817000,0,0,175545000,996326000,324406000,537513000,0,141862000,2856016000,416163000,91789000,2255568000,1077595000,4541941000,0,0,0,5619536000,"5363000","city of seattle","seattle city",737018
"290","WA","tacoma","48202701600000",39559,2022,2255596000,1414476000,243345000,0,208408000,841000,39926000,248402000,227442000,0,53190000,941472000,94762000,50306000,236379000,137588000,1185331000,0,0,0,1322919000,"5370000","city of tacoma","tacoma city",219175
"291","CO","denver county","06201600100000",1266289,2022,14054059000,10325185000,1119786000,0,0,5001000,1454425000,156920000,244985000,0,209646000,1755023000,306318000,142589000,1932921000,433085000,3703766000,0,0,0,4136851000,"0820000","city and county of denver","denver city",715538
"292","FL","jacksonville","10201600300000",32292,2022,6540349000,2190849000,549157000,0,84842000,30699000,2905810000,0,274269000,0,118112000,377926000,215584000,54905000,1722354000,172635000,2198134000,89279000,1467000,0,2370769000,"1235000","city of jacksonville","jacksonville city",949616
"293","CA","san francisco","05203800100000",54175,2022,33104748000,19924927000,1860514000,0,20418000,789818000,341625000,2445792000,3679684000,0,408920000,4633485000,2730979000,291275000,5719202000,2163247000,11211694000,0,0,0,13374941000,"0667000","city and county of san francisco","san francisco city",873959
