"","state.abb","name","id","year","total_liabilities","bonds_outstanding","current_liabilities","leases","loans_outstanding","notes_outstanding","net_pension_liability","net_pension_assets","net_opeb_liability","net_opeb_assets","compensated_absences","charges_for_services","operating_grants","capital_grants","general_revenue","change_in_net_position","expenses","total_operating_revenues","non_operating_revenues","capital_contributions","revenues","geo_id","name_midfile","sumlev","state","county","place","cousub","concit","funcstat","state.name","population"
"1","PA","philadelphia",42714,2020,19141711000,8953168000,1937322000,0,0,220009000,6095885000,0,1935327000,0,0,1542631000,2337887000,79201000,4717976000,-34593000,8712288000,0,0,0,8677695000,"4260000","city of philadelphia",162,"42","000","60000","00000",0,"A","Pennsylvania",1603799
"2","FL","jacksonville",32292,2020,6319925000,2317159000,199668000,0,79526000,75170000,2985785000,0,261160000,0,145220000,267416000,280509000,41783000,1533763000,-40535000,2164006000,81845000,3622000,0,2123471000,"1235000","city of jacksonville",162,"12","000","35000","00000",0,"A","Florida",949616
"3","CA","san francisco",54175,2020,34557584000,18448410000,1668487000,23490000,202897000,0,4655538000,0,3903016000,0,332989000,4739280000,1973724000,507666000,5299296000,496383000,12023583000,0,0,0,12519966000,"0667000","city and county of san francisco",162,"06","000","67000","00000",0,"A","California",873959
"4","MA","norfolk county",116575,2020,NA,NA,NA,NA,NA,NA,0,NA,NA,NA,NA,NA,NA,NA,NA,NA,NA,NA,NA,NA,NA,NA,NA,NA,NA,NA,NA,NA,NA,NA,NA,725999
"5","CA","los angeles county",31687,2020,52768946000,2737062000,5617736000,148918000,0,384066000,11560668000,0,25921499000,0,2072486000,8065147000,12174881000,60658000,9153396000,1055567000,28398515000,1281573000,1285000,19356000,29454082000,"06037",NA,50,"06","037",NA,"00000",0,"A","California",10014042
"6","IL","cook county",1035781,2020,21176754633,2823221430,708751691,0,570036750,7521000,13580982590,0,1900989370,0,122331764,3118370000,738219342,138850239,2065761372,405671632,5655529321,2862471563,257597178,44788567,6061200953,"17031",NA,50,"17","031",NA,"00000",0,"A","Illinois",5275522
"7","TX","harris county",1265423,2020,8947139580,4440922478,660408855,0,33287159,554942000,470596852,134778,2733774269,0,48806862,1153495162,278082673,401554423,2304193903,537805272,3599520889,0,0,0,4137326161,"48201",NA,50,"48","201",NA,"00000",0,"A","Texas",4731129
"8","AZ","maricopa county",31617,2020,2834203888,0,553067960,20783850,31410428,0,1876917812,0,3209316,16637315,0,294561793,392453978,41902995,1770899097,273182882,2226634981,0,0,0,2499817863,"04013",NA,50,"04","013",NA,"00000",0,"A","Arizona",4420574
"9","CA","san diego county",31710,2020,6570540000,1018893000,945099000,39300000,3201000,0,3790434000,0,106033000,0,128010000,646844000,3066604000,29828000,1562782000,129064000,5176994000,0,0,0,5306058000,"06073",NA,50,"06","073",NA,"00000",0,"A","California",3298635
"10","CA","orange county",31700,2020,7044193000,620161000,890891000,31702000,387644000,34661000,4125372000,0,328412000,0,184050000,920286000,2505653000,141118000,1234935000,317280000,4484712000,120977000,25629000,0,4801992000,"06059",NA,50,"06","059",NA,"00000",0,"A","California",3186979
"11","FL","miami-dade county",69702,2020,27654208000,17236196000,1937708000,431062000,599543000,391345000,4414212000,0,692290000,0,823163000,4294642000,1324932000,445910000,3388422000,-605491000,10059397000,0,0,0,9453906000,"12086",NA,50,"12","086",NA,"00000",0,"A","Florida",2701762
"12","TX","dallas county",38622,2020,942867000,148618000,285802000,78424000,0,0,156475000,0,228011000,0,40641000,158892000,271858000,0,631682000,43764000,1018668000,0,0,0,1062432000,"48113",NA,50,"48","113",NA,"00000",0,"A","Texas",2611491
"13","CA","riverside county",149444,2020,8461146000,2205402000,1486004000,371389000,0,84342000,3517404000,0,60350000,143000,279952000,1663165000,2291206000,32808000,1103865000,-854891000,5945935000,631853000,553000,355000,5091044000,"06065",NA,50,"06","065",NA,"00000",0,"A","California",2418177
"14","WA","king county",42969,2020,7102405000,4638440000,890960000,9887000,247287000,0,451611000,76450000,106619000,0,208868000,1862611000,838012000,45614000,2269964000,752995000,4263206000,0,0,0,5016201000,"53033",NA,50,"53","033",NA,"00000",0,"A","Washington",2269667
"15","NV","clark county",82176,2020,11263235204,5995657382,925452056,2385548,0,5400000,2971365931,0,683532382,0,303849498,1939388464,495664818,324744954,2386433924,375693990,4770538170,0,0,0,5146232160,"32003",NA,50,"32","003",NA,"00000",0,"A","Nevada",2265469
"16","CA","san bernardino county",31709,2020,4697075000,418164000,855666000,2646000,0,29126000,2236518000,0,8506000,0,244389000,1036006000,2633539000,25018000,1317168000,383389000,4628342000,0,0,0,5011731000,"06071",NA,50,"06","071",NA,"00000",0,"A","California",2181662
"17","TX","tarrant county",38644,2020,908700000,250717000,186900000,71000,0,0,227323000,0,184230000,0,50367000,145642000,188415000,711000,481689000,99076000,717381000,3249000,28000,0,816457000,"48439",NA,50,"48","439",NA,"00000",0,"A","Texas",2110608
"18","TX","bexar county",38615,2020,3027051150,1673669329,121104482,0,0,0,117083764,0,216578397,0,50666275,89067688,102280291,94758101,583862696,-4727944,874696720,0,0,0,869968776,"48029",NA,50,"48","029",NA,"00000",0,"A","Texas",2009322
"19","FL","broward county",68695,2020,7728588000,4337017000,587100000,5348000,346895000,0,1835950000,0,315136000,0,140153000,1227079000,464132000,157655000,1811426000,619609000,3040683000,0,0,0,3660292000,"12011",NA,50,"12","011",NA,"00000",0,"A","Florida",1944376
"20","CA","santa clara county",31546,2020,10454942000,2620844000,1698043000,0,0,0,4369993000,0,1193745000,0,336638000,2903732000,2145002000,12885000,1990509000,188339000,6863789000,0,0,0,7052128000,"06085",NA,50,"06","085",NA,"00000",0,"A","California",1936274
"21","MI","wayne county",40867,2020,1812948420,628294866,331168554,0,0,184930000,547323476,0,91675340,0,22332762,198890166,419509926,26214724,440122978,308655710,776082084,0,0,0,1084737794,"26163",NA,50,"26","163",NA,"00000",0,"A","Michigan",1793549
"22","CA","alameda county",149446,2020,4327169000,1310807000,748101000,1466000,24201000,0,1785396000,0,173413000,0,84391000,654830000,1869783000,8170000,937270000,218092000,3251961000,0,0,0,3470053000,"06001",NA,50,"06","001",NA,"00000",0,"A","California",1682331
"23","CA","sacramento county",1267172,2020,5697591,2415485,404776,23652,0,21131,1843333,0,135237,0,140277,754455,1569419,61011,1177402,108832,3453455,0,0,0,3562287,"06067",NA,50,"06","067",NA,"00000",0,"A","California",1585046
"24","NY","suffolk county",36008,2020,12322349989,1674099719,614044114,0,0,717506197,1104493609,0,6901030000,0,511243404,370958588,836537895,62736643,2319472582,10691055,3579014653,0,0,0,3589705708,"36103",NA,50,"36","103",NA,"00000",0,"A","New York",1525936
"25","FL","palm beach county",1266402,2020,4197746860,863515389,398776095,223293,0,83415643,1867489307,0,447740399,0,210094621,686026585,251373232,55878784,1738472686,-37116294,2768867581,0,0,0,2731751287,"12099",NA,50,"12","099",NA,"00000",0,"A","Florida",1492198
"26","FL","hillsborough county",32237,2020,3229923000,1094461000,478744000,0,0,128963000,1266841000,0,116670000,0,60996000,661108000,180756000,107509000,1594531000,219427000,2324477000,283150000,20691000,47093000,2543904000,"12057",NA,50,"12","057",NA,"00000",0,"A","Florida",1459773
"27","FL","orange county",32251,2020,3034626323,1100980207,272763331,2068986,95610751,4275000,1287393180,0,42748723,171947,96177525,558927874,432065880,242654932,1496611587,185147739,2545112534,0,0,0,2730260273,"12095",NA,50,"12","095",NA,"00000",0,"A","Florida",1429901
"28","NY","nassau county",43010,2020,14455591000,3634275000,831739000,76143000,0,166425000,918259000,0,6311284000,0,465132000,346130000,554990000,175968000,2354108000,-373209000,3804405000,0,0,0,3431196000,"36059",NA,50,"36","059",NA,"00000",0,"A","New York",1395777
"29","OH","franklin county",196354,2020,1539152000,486677000,119288000,17328000,28307000,4727000,485833000,0,330467000,1265000,64635000,141542000,410845000,18474000,836565000,49388000,1358038000,9253000,8000,4007000,1407426000,"39049",NA,50,"39","049",NA,"00000",0,"A","Ohio",1323800
"30","TX","travis county",38645,2020,2724331272,1185905970,145211872,32779157,0,0,172394620,0,1125420726,0,42497620,107042374,57490490,26159427,799870344,52793904,937768731,0,0,0,990562635,"48453",NA,50,"48","453",NA,"00000",0,"A","Texas",1290209
"31","MN","hennepin county",1266941,2020,3494379106,1857740095,473163198,0,0,2790460,839268166,0,145819803,0,154141727,1415149958,745244593,56341420,1149648018,-107539260,3473923249,1351533319,157249007,29870414,3366383989,"27053",NA,50,"27","053",NA,"00000",0,"A","Minnesota",1281568
"32","MI","oakland county",34282,2020,741376009,358527575,321853855,0,0,0,22497565,0,0,384338239,16548221,454414326,185196498,14649704,316477090,146233143,824504475,6365194,14688864,2923,970737618,"26125",NA,50,"26","125",NA,"00000",0,"A","Michigan",1274395
"33","OH","cuyahoga county",36874,2020,2415923380,775336653,133324213,279007698,14215024,0,574879699,0,392822866,391753,35404475,187719513,516760266,39692554,778207677,30411341,1491968669,0,0,0,1522380010,"39035",NA,50,"39","035",NA,"00000",0,"A","Ohio",1264813
"34","PA","allegheny county",37703,2020,3045677641,1012287685,301434463,3870322,0,0,1648275854,0,57453399,0,10556597,75074068,1458756562,35559335,435718301,-187652833,2192761099,0,0,0,2005108266,"42003",NA,50,"42","003",NA,"00000",0,"A","Pennsylvania",1250585
"35","UT","salt lake county",39288,2020,958229946,504958525,163875936,4745498,0,70682811,75995899,0,95202533,0,28954974,226374240,304283063,2987822,799342870,104083513,1228904482,0,0,0,1332987995,"49035",NA,50,"49","035",NA,"00000",0,"A","Utah",1185236
"36","CA","contra costa county",165557,2020,2611861000,126605000,556090000,258037000,0,1080000,677976000,0,523933000,236000,92573000,1894166000,1021424000,40990000,782125000,315039000,3423666000,0,0,0,3738705000,"06013",NA,50,"06","013",NA,"00000",0,"A","California",1165927
"37","VA","fairfax county",230306,2020,7213251402,3890750316,602285356,7525762,0,439073057,1838029525,0,136090113,0,153611412,917274574,346819376,43324953,4177009292,-48831469,5533259664,0,0,0,5484428195,"51059",NA,50,"51","059",NA,"00000",0,"A","Virginia",1150305
"38","NC","wake county",36674,2020,3533852433,2384388875,289701442,32305,0,275320595,115220710,1917781,415753783,0,16515621,115235949,130757498,0,1443608747,-22507974,1712110168,0,0,0,1689602194,"37183",NA,50,"37","183",NA,"00000",0,"A","North Carolina",1129393
"39","NC","mecklenburg county",36607,2020,2678783023,1712044188,237829916,3151120,524560,0,137831581,1320744,514883109,0,36921453,171632573,160843787,866417,1536148056,5871750,1863619083,0,0,0,1869490833,"37119",NA,50,"37","119",NA,"00000",0,"A","North Carolina",1115526
"40","GA","fulton county",169817,2020,3257955000,1019637000,98554000,50536000,0,0,333578000,0,1675472000,0,47787000,228532000,165492000,6001000,734472000,27481000,1107016000,0,0,0,1134497000,"13121",NA,50,"13","121",NA,"00000",0,"A","Georgia",1066702
"41","TX","collin county",38621,2020,665516189,537131000,116609392,0,0,0,0,32523900,0,0,9374000,52572536,119249345,6652043,273398852,71754044,380118732,0,0,0,451872776,"48085",NA,50,"48","085",NA,"00000",0,"A","Texas",1066465
"42","MD","montgomery county",33967,2020,6415638072,3588542269,808532471,2820000,0,604379284,106518934,0,825636740,0,92651456,739082234,259057362,71022023,4013545791,241377004,4841330406,0,0,0,5082707410,"24031",NA,50,"24","031",NA,"00000",0,"A","Maryland",1062054
"43","AZ","pima county",31619,2020,1970239000,722521000,171786000,0,0,2869000,776192000,0,4058000,4588000,40446000,263938000,175720000,48608000,700588000,108999000,1079855000,0,0,0,1188854000,"04019",NA,50,"04","019",NA,"00000",0,"A","Arizona",1043434
"44","HI","honolulu county",111562,2020,11985749000,6464483000,346028000,0,0,296366000,2665559000,0,1871583000,0,139829000,1021786000,217051000,321695000,1659217000,427030000,2792719000,10656000,2393000,0,3219749000,"15003","city and county of honolulu",50,"15","003",NA,"00000",0,"A","Hawaii",1016506
"45","CA","fresno county",31677,2020,2161228000,356601000,257422000,2805000,278550000,0,1054510000,0,0,0,53630000,122215000,961220000,0,673796000,69499000,1687732000,0,0,0,1757231000,"06019",NA,50,"06","019",NA,"00000",0,"A","California",1008650
"46","NY","westchester county",36016,2020,6973518018,1517014912,326975944,27589106,0,75573833,498291015,0,4264402132,0,56072618,198394461,911657362,30862085,1495527673,-149014326,2785455907,0,0,0,2636441581,"36119",NA,50,"36","119",NA,"00000",0,"A","New York",1004445
"47","MO","st louis county",35117,2020,1099837660,412169399,161735874,0,6199946,126172449,324443093,0,0,0,46493765,134926496,166483913,8366235,561067735,-49411735,920256114,0,0,0,870844379,"29189",NA,50,"29","189",NA,"00000",0,"A","Missouri",1004310
"48","IN","marion county",170616,2020,873586220,0,23965076,705790781,0,1973352,114023647,0,15112759,0,9518978,58636318,47732009,0,242586009,2852747,346101589,0,0,0,348954336,"18097","city of marion",50,"18","097",NA,"00000",0,"C","Indiana",977213
"49","MD","prince georges county",189892,2020,7876190727,2603075752,553578380,98477445,0,310379185,1828515183,0,2063326398,0,87011437,367350367,141197692,10335801,1978333298,-235744323,2732961481,0,0,0,2497217158,"24033",NA,50,"24","033",NA,"00000",0,"A","Maryland",967194
"50","FL","pinellas county",32255,2020,1957358812,51969653,271625819,615497,0,76992808,710305897,0,697335520,0,70969447,563389178,189943524,37814016,767359074,116744750,1441761042,0,0,0,1558505792,"12103",NA,50,"12","103",NA,"00000",0,"A","Florida",959103
"51","GA","gwinnett county",198256,2020,1455596,701609,201771,150123,0,31352,213317,0,39204,0,37518,512892,186765,131845,865861,371828,1325535,0,0,0,1697363,"13135",NA,50,"13","135",NA,"00000",0,"A","Georgia",957027
"52","NJ","bergen county",35609,2020,1293974943,690771000,0,0,926715,0,458269025,0,1209601242,0,25906823,0,0,0,813424414,38464003,774960411,0,0,0,813424414,"34003",NA,50,"34","003",NA,"00000",0,"A","New Jersey",955746
"53","NY","erie county",35982,2020,3025657000,923393000,237233000,0,0,125000000,289687000,0,1345295000,0,33915000,136508000,499257000,16561000,1231517000,-86254000,1970097000,0,0,0,1883843000,"36029",NA,50,"36","029",NA,"00000",0,"A","New York",954244
"54","WI","milwaukee county",44624,2020,2876921000,640761000,122753000,0,0,0,594769000,0,1415115000,0,41454000,284744000,402990000,12031000,471296000,126563000,1044498000,0,0,0,1171061000,"55079",NA,50,"55","079",NA,"00000",0,"A","Wisconsin",939495
"55","IL","dupage county",32767,2020,476399747,143440102,113741366,0,3407726,0,165805602,0,13632860,0,33095659,96263008,102399031,14372550,345252989,57810450,500477128,0,0,0,558287578,"17043",NA,50,"17","043",NA,"00000",0,"A","Illinois",932877
"56","TN","shelby county",1265440,2020,1845498562,922216144,185322233,4329258,0,123200000,571656496,0,0,18933000,30558690,187907321,84996633,6099120,937532099,-93531331,1310066504,0,0,0,1216535173,"47157",NA,50,"47","157",NA,"00000",0,"A","Tennessee",929722
"57","WA","pierce county",42923,2020,758885000,401002000,91501000,0,60660000,0,74544000,25299000,87223000,0,29046000,234451000,296159000,48544000,359613000,80367000,858400000,0,0,0,938767000,"53053",NA,50,"53","053",NA,"00000",0,"A","Washington",921137
"58","CA","kern county",146252,2020,2747291000,232460000,227726000,21079000,13509000,0,1804165000,0,42679000,0,95105000,415233000,924522000,32732000,475754000,2865000,1845376000,0,0,0,1848241000,"06029",NA,50,"06","029",NA,"00000",0,"A","California",909244
"59","TX","denton county",44488,2020,920520035,622601643,74805984,0,0,45790000,43366444,0,124544261,0,9411703,28968139,139030225,581568,248564291,58625180,358519043,0,0,0,417144223,"48121",NA,50,"48","121",NA,"00000",0,"A","Texas",906405
"60","MI","macomb county",34275,2020,588170168,270690000,180814373,0,621991,0,0,84215482,110683716,0,17171117,297868605,214835524,109189878,216709710,212572108,626031609,0,0,0,838603717,"26099",NA,50,"26","099",NA,"00000",0,"A","Michigan",881219
"61","TX","hidalgo county",197572,2020,669328010,402678061,146732237,5353859,0,159799,47598461,0,47475188,0,13237379,78546730,314729988,16099585,230396747,10569745,629203305,0,0,0,639773050,"48215",NA,50,"48","215",NA,"00000",0,"A","Texas",870796
"62","TX","el paso county",38624,2020,422205749,165054091,51725969,0,4041146,0,108703516,0,48906739,0,36103511,57505746,39098782,699560,285012985,-1000356,383317429,0,0,0,382317073,"48141",NA,50,"48","141",NA,"00000",0,"A","Texas",865655
"63","NJ","middlesex county",1036493,2020,769523890,215265000,0,100830000,30485505,36478000,320097775,0,1171909109,0,0,0,0,0,689147555,18401117,670746438,0,0,0,689147555,"34023",NA,50,"34","023",NA,"00000",0,"A","New Jersey",863183
"64","NJ","essex county",43829,2020,1244720579,624040000,0,14098,7964515,43980000,0,0,0,0,0,0,0,0,1008216197,37232544,970983653,0,0,0,1008216197,"34013",NA,50,"34","013",NA,"00000",0,"A","New Jersey",862782
"65","PA","montgomery county",164478,2020,660085418,403854796,111189435,0,0,33650000,83324020,0,0,0,16333167,83486327,479387179,7772533,237735069,79833931,728547177,0,0,0,808381108,"42091",NA,50,"42","091",NA,"00000",0,"A","Pennsylvania",856559
"66","MD","baltimore county",189872,2020,8640980000,3887143000,461723000,0,4375000,350000000,1831608000,0,1696611000,0,82951000,666937000,241329000,115927000,2143604000,-305762000,3473559000,0,0,0,3167797000,"24005",NA,50,"24","005",NA,"00000",0,"A","Maryland",854554
"67","CA","ventura county",149441,2020,2147171000,28616000,476098000,328489000,11726000,180020000,677172000,0,131699000,1713000,95996000,844027000,657605000,29670000,632924000,66132000,2098094000,565376000,10342000,6687000,2164226000,"06111",NA,50,"06","111",NA,"00000",0,"A","California",843843
"68","OH","hamilton county",36884,2020,2670799000,1060334000,189713000,8150000,388663000,0,741809000,17322000,218552000,0,62610000,455413000,309024000,5029000,675543000,14989000,1430020000,0,0,0,1445009000,"39061",NA,50,"39","061",NA,"00000",0,"A","Ohio",830625
"69","WA","snohomish county",39536,2020,658828081,381579057,129803339,0,5991294,0,64783002,21308309,4929447,0,40160179,248808906,211898724,66603423,327433944,84675782,770069215,0,0,0,854744997,"53061",NA,50,"53","061",NA,"00000",0,"A","Washington",827947
"70","TX","fort bend county",38625,2020,1449434641,620942114,155833372,439067,0,2259978,47941506,0,597396893,0,16744995,57318426,96213885,258608324,347722213,155803954,604058894,0,0,0,759862848,"48157",NA,50,"48","157",NA,"00000",0,"A","Texas",822779
"71","OR","multnomah county",103191,2020,1265422000,344351000,170272000,1329000,3125000,0,581413000,0,121091000,0,32855000,299879000,434998000,27782000,610417000,15237000,1357839000,1036000,29000,0,1373076000,"41051",NA,50,"41","051",NA,"00000",0,"A","Oregon",815429
"72","OK","oklahoma county",159854,2020,407711309,21880000,8640274,10244403,0,0,11866832,0,341340034,0,5925133,33966681,15055577,52826778,99308737,57914099,143243674,0,0,0,201157773,"40109",NA,50,"40","109",NA,"00000",0,"A","Oklahoma",796567
"73","KY","jefferson county",115965,2020,2335363514,494297000,84027033,20314000,20000000,0,1158168356,0,295693343,0,22025000,70530441,135523018,16039050,767468680,21031369,968529820,0,0,0,989561189,"21111","metro government of louisville-jefferson county",50,"21","111",NA,"00000",0,"C","Kentucky",782956
"74","CA","san joaquin county",31712,2020,2227446646,7897000,257288477,14824000,0,1276000,1584683469,0,129969434,0,42274000,581697872,770401571,27607558,379521542,75020848,1684207695,0,0,0,1759228543,"06077",NA,50,"06","077",NA,"00000",0,"A","California",779227
"75","GA","cobb county",1266590,2020,1816539766,539334939,201495859,3757585,0,167017301,667140390,0,178505026,0,36493230,353971738,97906748,87009233,685250753,140615534,1083522938,0,0,0,1224138472,"13067",NA,50,"13","067",NA,"00000",0,"A","Georgia",766160
"76","CA","san mateo county",31714,2020,1979736000,570202000,577795000,0,0,2207000,582014000,0,93292000,0,88988000,670556000,588692000,4585000,938071000,276434000,1925470000,0,0,0,2201904000,"06081",NA,50,"06","081",NA,"00000",0,"A","California",764432
"77","GA","dekalb county",32445,2020,2814715000,927169000,235264000,0,73198000,0,845083000,0,611429000,0,43539000,416587000,136124000,36389000,639157000,38444000,1189813000,0,0,0,1228257000,"13089",NA,50,"13","089",NA,"00000",0,"A","Georgia",764386
"78","FL","lee county",32242,2020,2530890000,736809000,204592000,12492000,11000000,94026000,585079000,0,807852000,0,33546000,483973000,154535000,66230000,594285000,17236000,1281787000,0,0,0,1299023000,"12071",NA,50,"12","071",NA,"00000",0,"A","Florida",760820
"79","NY","monroe county",43310,2020,2108989000,805657000,328043000,3521000,0,53042000,271901000,0,608043000,0,0,248198000,408404000,26841000,963625000,-16095000,1663163000,0,0,0,1647068000,"36055",NA,50,"36","055",NA,"00000",0,"A","New York",759444
"80","CO","el paso county",31965,2020,802181693,0,36876174,2986553,0,0,485244387,0,138991599,0,18442054,42054543,222571602,62341385,216814711,14710704,529071537,0,0,0,543782241,"08041",NA,50,"08","041",NA,"00000",0,"A","Colorado",730402
"81","FL","polk county",32256,2020,1366570778,240683017,167107092,0,0,82482000,519641860,0,198094593,0,19968755,316787091,104462284,32880703,518042395,19269411,952903062,0,0,0,972172473,"12105",NA,50,"12","105",NA,"00000",0,"A","Florida",725041
"82","NJ","hudson county",35620,2020,1109464808,459672000,0,0,2143174,0,452267834,0,471436462,0,32690799,0,0,0,774659279,39416048,735243231,0,0,0,774659279,"34017",NA,50,"34","017",NA,"00000",0,"A","New Jersey",724857
"83","MO","jackson county",35114,2020,544917604,401917962,71189070,810791,0,0,46067941,0,5636802,0,8465885,50984346,117044306,15055237,196820068,22817836,357086121,0,0,0,379903957,"29095",NA,50,"29","095",NA,"00000",0,"A","Missouri",717206
"84","TN","davidson county",168934,2020,10106765040,4340274238,431000385,0,24118692,625609379,303734402,0,4261044596,0,97051724,503789653,521030503,80371785,1880247448,-197332415,3182771804,265887373,1284140,26567580,2985439389,"47037","metropolitan government of nashville-davidson county",50,"47","037",NA,"00000",0,"C","Tennessee",715875
"85","CO","denver county",1266289,2020,11288224000,7772948000,713552000,420341000,0,7565000,1699959000,17721000,249680000,0,197846000,1112258000,329212000,147029000,2119106000,35655000,3671950000,0,0,0,3707605000,"08031","city and county of denver",50,"08","031",NA,"00000",0,"C","Colorado",715538
"86","IL","lake county",1036299,2020,412208585,219659176,89750647,0,0,0,47434620,0,18804476,0,21525954,84345708,188738215,29686815,259190518,61721624,500239632,0,0,0,561961256,"17097",NA,50,"17","097",NA,"00000",0,"A","Illinois",714351
"87","IL","will county",32790,2020,635030409,347022621,64412446,925969,0,0,130130559,0,43959176,0,33266590,71340485,103269023,11846042,290873110,77386587,399942073,0,0,0,477328660,"17197",NA,50,"17","197",NA,"00000",0,"A","Illinois",696362
"88","NM","bernalillo county",35908,2020,802443844,253320992,87476753,0,0,0,325383442,0,96053173,0,40209486,28485850,42228681,9348178,412729190,46528057,446263842,0,0,0,492791899,"35001",NA,50,"35","001",NA,"00000",0,"A","New Mexico",676438
"89","AL","jefferson county",1265667,2020,2965742000,0,191938000,8537000,0,2518608000,0,142088000,119964000,0,22339000,260979000,96682000,21483000,410070000,-14643000,803857000,0,0,0,789214000,"01073",NA,50,"01","073",NA,"00000",0,"A","Alabama",674355
"90","OK","tulsa county",37333,2020,248720189,103982424,16143588,1688807,0,585471,101018575,0,3994591,0,6144609,40562367,141319871,4684010,142961068,112962253,216565063,0,0,0,329527316,"40143",NA,50,"40","143",NA,"00000",0,"A","Oklahoma",669272
"91","UT","utah county",39292,2020,328192274,227586021,59635967,0,0,0,24085947,0,8261379,0,6177350,80179196,0,0,252680367,261065091,71794472,0,0,0,332859563,"49049",NA,50,"49","049",NA,"00000",0,"A","Utah",659392
"92","MI","kent county",34271,2020,258942401,118742822,52041949,0,0,20300000,0,56763648,20274392,0,10260598,103959597,175675243,6262714,176806178,59811250,402892482,3271536,204298,0,462703732,"26081",NA,50,"26","081",NA,"00000",0,"A","Michigan",657984
"93","CO","arapahoe county",31951,2020,435652646,129941621,52349020,11647046,0,2664894,208374554,0,0,0,18289696,69567963,209406835,4503917,226278746,8840352,500917109,11067596,6965508,0,509757461,"08005",NA,50,"08","005",NA,"00000",0,"A","Colorado",655058
"94","PA","bucks county",37704,2020,518377250,136802892,163326805,59582763,0,132000600,2702513,0,0,0,17114411,78168198,397644414,6381242,211774949,75272488,618696315,0,0,0,693968803,"42017",NA,50,"42","017",NA,"00000",0,"A","Pennsylvania",646526
"95","NJ","monmouth county",46288,2020,2519448708,390810000,0,0,0,19500000,435741708,0,473743040,0,0,0,0,0,670942714,33082248,637860466,0,0,0,670942714,"34025",NA,50,"34","025",NA,"00000",0,"A","New Jersey",643608
"96","NJ","ocean county",35632,2020,981487997,455251000,0,0,1824093,0,320908683,0,0,0,0,0,0,0,607245768,31447626,575798142,0,0,0,607245768,"34029",NA,50,"34","029",NA,"00000",0,"A","New Jersey",637229
"97","TX","montgomery county",38639,2020,1112577123,648766931,150264813,10674041,0,0,24066035,0,253594793,0,15389794,143370975,81513686,65784276,265488545,12055257,544102225,0,0,0,556157482,"48339",NA,50,"48","339",NA,"00000",0,"A","Texas",620451
"98","KS","johnson county",44652,2020,1383005817,967409999,84745526,1975644,14781417,0,251000703,0,23868678,0,23438999,265893122,164557904,6418693,391415902,84216440,744069181,0,0,0,828285621,"20091",NA,50,"20","091",NA,"00000",0,"A","Kansas",609864
"99","TX","williamson county",44495,2020,1352794743,1139091150,92763816,0,0,0,55619549,0,59226881,0,6093347,53133045,64303593,49873724,339921021,117889430,389341953,0,0,0,507231383,"48491",NA,50,"48","491",NA,"00000",0,"A","Texas",609010
"100","FL","brevard county",32225,2020,920994570,204664734,114651332,1880957,49105318,0,414905456,0,27264556,0,33194145,240122425,107508896,23519458,393530129,78652267,686028641,0,2320173,894278,764680908,"12009",NA,50,"12","009",NA,"00000",0,"A","Florida",606603
"101","CA","san francisco",54175,2021,36525105000,19229180000,1339611000,19820000,20914000,234967000,5614021000,0,3811347000,0,421167000,3919434000,2635598000,362827000,6188949000,521077000,12585731000,0,0,0,13106808000,"0667000","city and county of san francisco",162,"06","000","67000","00000",0,"A","California",873959
"102","FL","jacksonville",32292,2021,6696965000,2234806000,408696000,0,82538000,39003000,3107155000,0,416420000,0,133140000,298890000,100593000,54297000,1622272000,-43312000,2119364000,84202000,2606000,0,2076052000,"1235000","city of jacksonville",162,"12","000","35000","00000",0,"A","Florida",949616
"103","PA","philadelphia",42714,2021,18803884000,8484844000,2887334000,0,0,141110000,4721351000,0,2088155000,0,5984000,1454661000,2716502000,90286000,4502394000,355507000,8408336000,0,0,0,8763843000,"4260000","city of philadelphia",162,"42","000","60000","00000",0,"A","Pennsylvania",1603799
"104","IL","will county",32790,2021,NA,NA,NA,NA,NA,NA,45000000,NA,NA,NA,NA,NA,NA,NA,NA,NA,NA,NA,NA,NA,NA,NA,NA,NA,NA,NA,NA,NA,NA,NA,NA,697985
"105","CA","los angeles county",31687,2021,64141944000,3090919000,6834441000,156824000,521807000,0,17394887000,0,29368129000,0,2305374000,7429396000,14225574000,71540000,9971698000,-481735000,32179943000,1221715000,48525000,201000,31698208000,"06037",NA,50,"06","037",NA,"00000",0,"A","California",10014042
"106","IL","cook county",1035781,2021,23004219360,3217601817,1740684456,0,0,6871000,14984908546,0,2105154520,0,119196084,3715251023,563985659,161490108,2357238329,161672292,6636292827,0,0,0,6797965119,"17031",NA,50,"17","031",NA,"00000",0,"A","Illinois",5275522
"107","TX","harris county",1265423,2021,10515266381,4898632352,1035427458,0,27921034,297792000,725190179,114259,3473489714,0,47393178,830748214,734816590,342259819,2252060147,-336808572,4496693342,0,0,0,4159884770,"48201",NA,50,"48","201",NA,"00000",0,"A","Texas",4731129
"108","AZ","maricopa county",31617,2021,3153531275,0,759547144,47481302,0,0,2061212073,0,6798975,18133053,0,319377143,634413147,22051183,1942301597,355017166,2563125904,0,0,0,2918143070,"04013",NA,50,"04","013",NA,"00000",0,"A","Arizona",4420574
"109","CA","san diego county",31710,2021,7621970000,950495000,1342602000,90595000,2551000,0,4478532000,0,92006000,0,140382000,630817000,3758523000,24242000,1520365000,44375000,5889572000,0,0,0,5933947000,"06073",NA,50,"06","073",NA,"00000",0,"A","California",3298635
"110","CA","orange county",31700,2021,6559088000,625536000,993231000,33987000,384433000,37406000,3547702000,0,305411000,0,189566000,914405000,3221552000,147270000,1313414000,818879000,4777762000,0,0,0,5596641000,"06059",NA,50,"06","059",NA,"00000",0,"A","California",3186979
"111","FL","miami-dade county",69702,2021,25973866000,18977109000,1896558000,474841000,203610000,15001000,1434132000,36837000,745948000,0,872382000,4528938000,1862650000,353621000,3630758000,268067000,10107900000,0,0,0,10375967000,"12086",NA,50,"12","086",NA,"00000",0,"A","Florida",2701762
"112","TX","dallas county",38622,2021,1211575000,131558000,465875000,128752000,0,0,246648000,0,194549000,0,40447000,164341000,300933000,0,687868000,102303000,1050839000,0,0,0,1153142000,"48113",NA,50,"48","113",NA,"00000",0,"A","Texas",2611491
"113","CA","riverside county",149444,2021,8050732000,1818732000,1482611000,347660000,0,99798000,2983082000,0,187718000,0,310705000,1782174000,2741915000,30014000,1155617000,782845000,4926875000,680060000,0,559000,5709720000,"06065",NA,50,"06","065",NA,"00000",0,"A","California",2418177
"114","WA","king county",42969,2021,7316533000,5092278000,1104880000,9342000,104183000,0,105494000,0,106488000,0,208786000,2028232000,1092838000,72645000,2263138000,1316855000,4139998000,0,0,0,5456853000,"53033",NA,50,"53","033",NA,"00000",0,"A","Washington",2269667
"115","NV","clark county",82176,2021,11138242764,5618809922,795343332,1890315,0,5400000,3013888321,0,798014345,0,303480641,2091943918,790079005,307696678,2399559465,472929535,5116349531,0,0,0,5589279066,"32003",NA,50,"32","003",NA,"00000",0,"A","Nevada",2265469
"116","CA","san bernardino county",31709,2021,5537452000,303382000,696244000,2468000,0,1171000,3317265000,0,0,0,260905000,1062306000,3097389000,18887000,1298603000,462530000,5014655000,0,0,0,5477185000,"06071",NA,50,"06","071",NA,"00000",0,"A","California",2181662
"117","TX","tarrant county",38644,2021,1110277000,222602000,319710000,38000,0,0,290929000,0,213391000,0,50555000,157586000,236748000,2223000,502360000,110189000,788728000,3506000,13000,350000,898917000,"48439",NA,50,"48","439",NA,"00000",0,"A","Texas",2110608
"118","TX","bexar county",38615,2021,3218500283,2462733461,309676217,0,0,0,166644668,0,227493053,0,51261761,100879902,56866361,74057926,587655533,-59819622,879279344,0,0,0,819459722,"48029",NA,50,"48","029",NA,"00000",0,"A","Texas",2009322
"119","FL","broward county",68695,2021,6436431000,4162669000,725175000,2725000,346030000,0,571574000,0,312871000,0,143699000,1173182000,315414000,136220000,1944715000,639893000,2929638000,0,0,0,3569531000,"12011",NA,50,"12","011",NA,"00000",0,"A","Florida",1944376
"120","CA","santa clara county",31546,2021,11018099000,2498605000,2024400000,0,0,0,4769151000,0,1088627000,0,396141000,2963394000,2233088000,18602000,2154635000,-155537000,7525256000,0,0,0,7369719000,"06085",NA,50,"06","085",NA,"00000",0,"A","California",1936274
"121","MI","wayne county",40867,2021,1833822081,660880166,492542009,0,0,149157000,419609419,0,74938340,0,21797298,221766540,388881852,22529227,495947971,247601140,881524450,0,0,0,1129125590,"26163",NA,50,"26","163",NA,"00000",0,"A","Michigan",1793549
"122","CA","alameda county",149446,2021,4361821000,1255157000,780365000,595000,3306000,0,1843225000,0,92241000,0,105925000,672257000,2264699000,8252000,996042000,457591000,3483659000,0,0,0,3941250000,"06001",NA,50,"06","001",NA,"00000",0,"A","California",1682331
"123","CA","sacramento county",1267172,2021,6246742000,2061962000,741628000,22503000,0,22523000,2389783000,0,162324000,0,150025000,808263000,1531281000,41956000,1351309000,148752000,3584057000,0,0,0,3732809000,"06067",NA,50,"06","067",NA,"00000",0,"A","California",1585046
"124","NY","suffolk county",36008,2021,10612203516,1701039998,769874403,0,0,0,153186365,0,6543850000,0,1071669280,476991433,544767760,36215595,2703961912,478829327,3283107373,0,0,0,3761936700,"36103",NA,50,"36","103",NA,"00000",0,"A","New York",1525936
"125","FL","palm beach county",1266402,2021,2867589031,861355671,406205108,147869,24056229,50372911,572344587,0,435910997,0,223999139,756798294,419691602,56196970,1845339217,540903988,2537122095,0,0,0,3078026083,"12099",NA,50,"12","099",NA,"00000",0,"A","Florida",1492198
"126","FL","hillsborough county",32237,2021,2651501000,1405617000,433628000,0,0,119577000,398407000,0,140126000,0,62553000,763695000,349647000,189239000,1632688000,550952000,2384317000,0,0,0,2935269000,"12057",NA,50,"12","057",NA,"00000",0,"A","Florida",1459773
"127","FL","orange county",32251,2021,2535663033,1206791955,547868101,1521811,90401022,2885000,412121992,0,39509605,1672149,96931109,1046422651,336223192,214052505,1565004349,378950482,2782752215,0,0,0,3161702697,"12095",NA,50,"12","095",NA,"00000",0,"A","Florida",1429901
"128","NY","nassau county",43010,2021,14266585000,3754721000,914106000,74412000,0,535914000,145322000,0,6580900000,0,865455000,396588000,560147000,109640000,2654037000,268678000,3451734000,0,0,0,3720412000,"36059",NA,50,"36","059",NA,"00000",0,"A","New York",1395777
"129","OH","franklin county",196354,2021,1213345000,468805000,227954000,21181000,29259000,4151000,393456000,0,0,46762000,66892000,150177000,459983000,13291000,884522000,454271000,1053702000,9656000,3000,336000,1507973000,"39049",NA,50,"39","049",NA,"00000",0,"A","Ohio",1323800
"130","TX","travis county",38645,2021,2765955695,590396718,265688998,91874040,0,0,248672256,0,947786046,0,43864970,141115404,73999821,45934725,838423325,140800737,958672538,0,0,0,1099473275,"48453",NA,50,"48","453",NA,"00000",0,"A","Texas",1290209
"131","MN","hennepin county",1266941,2021,3292065967,1833337208,527946131,0,0,2272368,594886582,0,150763144,0,182860534,1688434159,603911682,55931772,1143642155,304701022,3187218746,327212725,5202,0,3491919768,"27053",NA,50,"27","053",NA,"00000",0,"A","Minnesota",1281568
"132","MI","oakland county",34282,2021,614314635,317716543,251799723,0,0,0,0,71914093,0,618263365,16691974,477674706,220189535,1142709,347300248,153352783,892954415,0,0,0,1046307198,"26125",NA,50,"26","125",NA,"00000",0,"A","Michigan",1274395
"133","OH","cuyahoga county",36874,2021,1740814356,717516534,100684272,260966852,14268942,0,413749034,8268140,0,49172412,35823700,194656330,634036076,23898476,910532338,701681025,1061442195,0,0,0,1763123220,"39035",NA,50,"39","035",NA,"00000",0,"A","Ohio",1264813
"134","PA","allegheny county",37703,2021,3719833153,982451683,528838388,3539737,0,0,2120359787,0,63988013,0,10699113,69159832,1546154378,21748858,456861263,-284440408,2378364739,0,0,0,2093924331,"42003",NA,50,"42","003",NA,"00000",0,"A","Pennsylvania",1250585
"135","UT","salt lake county",39288,2021,930514547,474951862,228806107,3892871,0,67496007,20326797,1426934,92332859,0,29165576,231732039,234146744,4305085,898503386,184277696,1184409558,0,0,0,1368687254,"49035",NA,50,"49","035",NA,"00000",0,"A","Utah",1185236
"136","CA","contra costa county",165557,2021,2234279000,354714000,591573000,27468000,0,821000,341498000,0,449556000,16235000,105636000,2114573000,1287575000,27158000,825473000,577751000,3677028000,0,0,0,4254779000,"06013",NA,50,"06","013",NA,"00000",0,"A","California",1165927
"137","VA","fairfax county",230306,2021,7780137025,4129649100,632101836,2992557,0,450382544,2235726340,0,16360027,0,164745333,876076760,504962481,65892345,4260931130,78917962,5628944754,0,0,0,5707862716,"51059",NA,50,"51","059",NA,"00000",0,"A","Virginia",1150305
"138","NC","wake county",36674,2021,3781363137,2686187618,267923808,26380,0,78352012,152076032,2694036,540414829,0,18469827,152274996,269842479,0,1486839697,9049525,1899907647,0,0,0,1908957172,"37183",NA,50,"37","183",NA,"00000",0,"A","North Carolina",1129393
"139","NC","mecklenburg county",36607,2021,2840113166,1798100305,382388987,435498,472104,0,194584299,1819879,401088310,0,45822100,266401828,182686620,16927351,1582740110,25852357,2022903552,0,0,0,2048755909,"37119",NA,50,"37","119",NA,"00000",0,"A","North Carolina",1115526
"140","GA","fulton county",169817,2021,3210861,1013834,139989,42208,0,0,228976,0,1710105,0,45814,220775,158934,7785,741500,63849,1065145,0,0,0,1128994,"13121",NA,50,"13","121",NA,"00000",0,"A","Georgia",1066702
"141","TX","collin county",38621,2021,724868503,580408000,132032503,0,0,0,0,15726894,0,0,9913000,61698940,114444157,4132686,275189709,86989424,368476068,0,1352,0,455465492,"48085",NA,50,"48","085",NA,"00000",0,"A","Texas",1066465
"142","MD","montgomery county",33967,2021,6795850104,3648062566,651864212,184661004,0,537139053,147199286,0,983532109,0,124386148,697793787,515622241,85255647,4189507704,653808460,4834370919,0,0,0,5488179379,"24031",NA,50,"24","031",NA,"00000",0,"A","Maryland",1062054
"143","AZ","pima county",31619,2021,2390808000,226449000,236564000,0,0,562000,869089000,0,0,5456000,393615000,277890000,237401000,49515000,730566000,100848000,1194524000,0,0,0,1295372000,"04019",NA,50,"04","019",NA,"00000",0,"A","Arizona",1043434
"144","HI","honolulu county",111562,2021,12416899000,6429851000,390083000,0,0,599917000,2919908000,0,1723506000,0,146716000,997551000,672687000,55974000,1591128000,-5826000,3323166000,10705000,2906000,0,3317340000,"15003","city and county of honolulu",50,"15","003",NA,"00000",0,"A","Hawaii",1016506
"145","CA","fresno county",31677,2021,2458099000,640102000,324987000,2705000,56000,0,1296105000,0,0,0,57949000,197979000,1214886000,0,651073000,207605000,1856333000,0,0,0,2063938000,"06019",NA,50,"06","019",NA,"00000",0,"A","California",1008650
"146","NY","westchester county",36016,2021,6416989725,1592899250,534579175,16886663,0,15252049,18684807,0,4010990120,0,53878487,263624191,765770466,12445944,1646873836,111704683,2577009754,0,0,0,2688714437,"36119",NA,50,"36","119",NA,"00000",0,"A","New York",1004445
"147","MO","st louis county",35117,2021,961302688,392975641,101822218,0,3130092,128693544,267696492,0,0,0,42213747,147282979,245448956,20601431,597380639,164621596,846092409,0,0,0,1010714005,"29189",NA,50,"29","189",NA,"00000",0,"A","Missouri",1004310
"148","IN","marion county",170616,2021,865857431,0,46559091,723017354,0,2049158,72628957,0,12698175,0,8839850,55958931,47643764,2647951,256170205,-9001737,371422588,0,0,0,362420851,"18097","city of marion",50,"18","097",NA,"00000",0,"C","Indiana",977213
"149","MD","prince georges county",189892,2021,7999883082,2741473819,587019675,93659311,0,334645898,1521298858,0,2362474000,0,88697867,418402824,266516430,10090118,2145198928,-24758516,2864966816,0,0,0,2840208300,"24033",NA,50,"24","033",NA,"00000",0,"A","Maryland",967194
"150","FL","pinellas county",32255,2021,1500671306,0,281115726,433171,0,115509521,229726672,0,717811753,0,70551389,589790485,266708974,22086056,840198374,317994970,1400788919,0,0,0,1718783889,"12103",NA,50,"12","103",NA,"00000",0,"A","Florida",959103
"151","GA","gwinnett county",198256,2021,1357118000,652697000,242852000,164151000,0,28299000,135727000,0,10373000,0,39759000,553829000,52482000,168187000,916055000,389318000,1301235000,0,0,0,1690553000,"13135",NA,50,"13","135",NA,"00000",0,"A","Georgia",957027
"152","NJ","bergen county",35609,2021,1404592548,574347000,0,0,371802,127500000,458269025,0,1266760449,0,27015266,0,0,0,802219456,28319748,773899708,0,0,0,802219456,"34003",NA,50,"34","003",NA,"00000",0,"A","New Jersey",955746
"153","NY","erie county",35982,2021,2860090000,900234000,297230000,0,0,0,1080000,0,1561629000,0,33445000,146382000,500166000,12049000,1394227000,243269000,1809555000,0,0,0,2052824000,"36029",NA,50,"36","029",NA,"00000",0,"A","New York",954244
"154","WI","milwaukee county",44624,2021,2779553000,605014000,226618000,0,0,0,512979000,32343000,1332245000,0,38800000,343277000,377280000,23050000,485736000,183404000,1045939000,0,0,0,1229343000,"55079",NA,50,"55","079",NA,"00000",0,"A","Wisconsin",939495
"155","IL","dupage county",32767,2021,379886584,117055475,129040318,0,5154533,0,78705628,104078,13474029,0,33545404,114805233,155681898,18006056,307943096,133168792,463267491,0,0,0,596436283,"17043",NA,50,"17","043",NA,"00000",0,"A","Illinois",932877
"156","TN","shelby county",1265440,2021,2008712395,1057970970,205729473,6026978,0,0,700971001,212993,0,38920000,39058269,189473432,128107540,5731778,949098436,60927850,1211483336,0,0,0,1272411186,"47157",NA,50,"47","157",NA,"00000",0,"A","Tennessee",929722
"157","WA","pierce county",42923,2021,764732000,375772000,165642000,0,57033000,0,18247000,0,91356000,0,29447000,255326000,264182000,28054000,450680000,217744000,780498000,0,0,0,998242000,"53053",NA,50,"53","053",NA,"00000",0,"A","Washington",921137
"158","CA","kern county",146252,2021,2863851000,200643000,246475000,24424000,12048000,0,1984698000,0,18400000,0,90470000,469284000,1163991000,12379000,468544000,324737000,1789461000,0,0,0,2114198000,"06029",NA,50,"06","029",NA,"00000",0,"A","California",909244
"159","TX","denton county",44488,2021,945517302,584891179,131038984,0,0,35685000,63577282,0,120611720,0,9713137,27571295,96515418,5908490,252876541,83567597,299304147,0,0,0,382871744,"48121",NA,50,"48","121",NA,"00000",0,"A","Texas",906405
"160","MI","macomb county",34275,2021,630844191,243625000,313348245,0,461726,0,0,235350995,45432527,28327976,17678788,301924490,138951239,112126336,259046747,248948798,563100014,0,0,0,812048812,"26099",NA,50,"26","099",NA,"00000",0,"A","Michigan",881219
"161","TX","hidalgo county",197572,2021,792412703,418172716,224338745,3829881,0,122262,72709939,0,54140220,0,12840273,46189047,291639030,1335187,255914717,54514880,540563101,0,0,0,595077981,"48215",NA,50,"48","215",NA,"00000",0,"A","Texas",870796
"162","TX","el paso county",38624,2021,538404124,151536546,125013246,322458,8337290,0,152970622,0,58857250,0,34725434,57228823,63704775,26592,299416293,26376552,393999931,0,0,0,420376483,"48141",NA,50,"48","141",NA,"00000",0,"A","Texas",865655
"163","NJ","middlesex county",1036493,2021,472616402,187980000,0,0,31289968,26478000,270978925,0,1231405298,0,11561362,0,0,0,693353152,10729038,682624114,0,0,0,693353152,"34023",NA,50,"34","023",NA,"00000",0,"A","New Jersey",863183
"164","NJ","essex county",43829,2021,853905018,174407500,0,14098,6631035,26550000,0,0,0,0,0,0,0,0,985000215,50084610,934915605,0,0,0,985000215,"34013",NA,50,"34","013",NA,"00000",0,"A","New Jersey",862782
"165","PA","montgomery county",164478,2021,859012113,514376111,237244444,0,28080000,0,53257603,0,0,0,15328955,85980906,592207557,7486040,259045147,57866707,886852943,0,0,0,944719650,"42091",NA,50,"42","091",NA,"00000",0,"A","Pennsylvania",856559
"166","MD","baltimore county",189872,2021,9130642000,4345777000,431079000,146155000,4375000,0,2019377000,0,1937925000,0,87956000,674244000,350670000,82948000,2282632000,-100488000,3490982000,0,0,0,3390494000,"24005",NA,50,"24","005",NA,"00000",0,"A","Maryland",854554
"167","CA","ventura county",149441,2021,2202431000,0,0,0,0,0,0,0,161305000,0,0,930189000,832924000,28812000,656494000,130695000,2317724000,622287000,48585000,7745000,2448419000,"06111",NA,50,"06","111",NA,"00000",0,"A","California",843843
"168","OH","hamilton county",36884,2021,2164060000,1086534000,333244000,7405000,374516000,0,239988000,3564000,0,59749000,60701000,451264000,308652000,4536000,697059000,444695000,1016816000,0,0,0,1461511000,"39061",NA,50,"39","061",NA,"00000",0,"A","Ohio",830625
"169","WA","snohomish county",39536,2021,654806038,371229156,185816843,0,7544408,0,15321883,203745902,4651634,0,0,305600095,193424909,98026110,361182164,250920714,707312564,0,0,0,958233278,"53061",NA,50,"53","061",NA,"00000",0,"A","Washington",827947
"170","TX","fort bend county",38625,2021,1661443258,633738483,168264845,428478,0,24842978,78846469,0,634919158,0,13151666,72614032,174631816,553025285,366294440,500885850,665679723,0,0,0,1166565573,"48157",NA,50,"48","157",NA,"00000",0,"A","Texas",822779
"171","OR","multnomah county",103191,2021,1929819000,743086000,288051000,1116000,5644000,0,728099000,0,126633000,24425000,36797000,305617000,755911000,8576000,617386000,-39014000,1726504000,0,0,0,1687490000,"41051",NA,50,"41","051",NA,"00000",0,"A","Oregon",815429
"172","OK","oklahoma county",159854,2021,442422773,16519324,91819061,9223921,0,0,9502733,0,308520735,0,6751498,31447570,15998846,19426085,96539530,-24598467,188010498,0,0,0,163412031,"40109",NA,50,"40","109",NA,"00000",0,"A","Oklahoma",796567
"173","KY","jefferson county",115965,2021,2477366174,490768000,104708561,20066000,13000000,0,1209969000,0,371956000,0,24021000,89620033,234866075,13782672,821667355,61134816,1098801319,0,0,0,1159936135,"21111","metro government of louisville-jefferson county",50,"21","111",NA,"00000",0,"C","Kentucky",782956
"174","CA","san joaquin county",31712,2021,2216013213,7694000,287495573,13528000,0,1182000,1573255627,0,103570248,0,46491000,575358722,1017423156,13606658,402355057,255750627,1752992966,0,0,0,2008743593,"06077",NA,50,"06","077",NA,"00000",0,"A","California",779227
"175","GA","cobb county",1266590,2021,1595747561,538651429,188056148,2787073,0,98248079,557302031,0,154309832,0,35437156,356104880,118167024,72050916,727438022,188366230,1085394612,0,0,0,1273760842,"13067",NA,50,"13","067",NA,"00000",0,"A","Georgia",766160
"176","CA","san mateo county",31714,2021,2309401000,708620000,553553000,0,0,2135000,831037000,0,58418000,0,94613000,716033000,792087000,3211000,953378000,287384000,2177325000,0,0,0,2464709000,"06081",NA,50,"06","081",NA,"00000",0,"A","California",764432
"177","GA","dekalb county",32445,2021,2745535000,878306000,307546000,0,101512000,6854000,717694000,0,609092000,0,42898000,446826000,101888000,28180000,712545000,228523000,1060916000,0,0,0,1289439000,"13089",NA,50,"13","089",NA,"00000",0,"A","Georgia",764386
"178","FL","lee county",32242,2021,1971942000,691744000,252454000,8026000,0,99432000,185941000,0,652769000,0,33840000,536377000,166297000,139437000,629626000,221042000,1250695000,0,0,0,1471737000,"12071",NA,50,"12","071",NA,"00000",0,"A","Florida",760820
"179","NY","monroe county",43310,2021,1756290000,818181000,358055000,2367000,0,0,1546000,0,526739000,0,37002000,592820000,99776000,28579000,1078462000,122346000,1677291000,0,0,0,1799637000,"36055",NA,50,"36","055",NA,"00000",0,"A","New York",759444
"180","CO","el paso county",31965,2021,561363272,0,99419728,2012880,0,0,157726231,0,177433869,0,17618634,50356624,142076553,55214335,220553122,56660987,411539647,0,0,0,468200634,"08041",NA,50,"08","041",NA,"00000",0,"A","Colorado",730402
"181","MA","norfolk county",116575,2021,99094039,15505000,9431880,37642,0,0,26064827,0,47116906,0,844000,13812321,7530374,144108,17269505,474314,38281994,0,0,0,38756308,"25021",NA,50,"25","021",NA,"00000",0,"A","Massachusetts",725999
"182","FL","polk county",32256,2021,990797933,232261524,228272310,0,0,80752000,155096480,0,186387615,0,19533070,356644446,59038691,39383931,564556489,242873390,776750167,0,0,0,1019623557,"12105",NA,50,"12","105",NA,"00000",0,"A","Florida",725041
"183","NJ","hudson county",35620,2021,1045804848,436771000,0,0,1904130,0,389915210,0,676531494,0,34531505,0,0,0,744380324,30642573,713737751,0,0,0,744380324,"34017",NA,50,"34","017",NA,"00000",0,"A","New Jersey",724857
"184","MO","jackson county",35114,2021,515860591,372339385,111293420,210023,0,0,720855,0,5721309,0,8042625,60411305,73173958,1606633,213745208,39222500,309714604,0,0,0,348937104,"29095",NA,50,"29","095",NA,"00000",0,"A","Missouri",717206
"185","TN","davidson county",168934,2021,10003910908,4797639087,472531760,0,20582263,250200000,48089719,0,4302183871,0,94416402,578667733,710253944,98268924,2281559251,616277902,3052471950,0,0,0,3668749852,"47037","metropolitan government of nashville-davidson county",50,"47","037",NA,"00000",0,"C","Tennessee",715875
"186","CO","denver county",1266289,2021,12287597000,8407267000,926765000,404036000,0,5031000,1764486000,65973000,253829000,0,178399000,1467523000,411790000,147118000,2101906000,420338000,3707999000,0,0,0,4128337000,"08031","city and county of denver",50,"08","031",NA,"00000",0,"C","Colorado",715538
"187","IL","lake county",1036299,2021,389533644,198971379,134600460,0,0,0,0,39077298,18696673,0,21258332,91701822,131921804,40129185,277510419,104549507,436713723,0,0,0,541263230,"17097",NA,50,"17","097",NA,"00000",0,"A","Illinois",714351
"188","NM","bernalillo county",35908,2021,940238572,254690663,141339086,0,0,0,378957607,0,120642605,0,44608611,28584536,68832714,22836131,422517182,102398144,440372419,0,0,0,542770563,"35001",NA,50,"35","001",NA,"00000",0,"A","New Mexico",676438
"189","AL","jefferson county",1265667,2021,2988585557,29584998,199430718,0,0,0,0,121961328,115072977,0,24958157,291402059,74099034,11557965,425249347,-5655710,807964115,0,0,0,802308405,"01073",NA,50,"01","073",NA,"00000",0,"A","Alabama",674355
"190","OK","tulsa county",37333,2021,278870421,95873271,17493788,1171857,0,554879,138553911,0,0,0,6589102,32672644,105353967,287064,156299262,-23728917,318341854,0,0,0,294612937,"40143",NA,50,"40","143",NA,"00000",0,"A","Oklahoma",669272
"191","UT","utah county",39292,2021,339808840,216651196,96572119,2176655,0,0,9825653,416277,8226676,0,6356541,54609855,62856505,0,279658505,105495876,291628989,0,0,0,397124865,"49049",NA,50,"49","049",NA,"00000",0,"A","Utah",659392
"192","MI","kent county",34271,2021,327844737,133421875,110727743,0,0,19900000,0,0,19822380,0,10059586,113469328,117116569,5205906,188607182,71616377,352782608,0,0,0,424398985,"26081",NA,50,"26","081",NA,"00000",0,"A","Michigan",657984
"193","CO","arapahoe county",31951,2021,490947745,126507164,114619921,11971899,0,1365582,207654520,0,0,0,19016823,75826450,110024982,4007612,228479790,4368697,413970137,0,0,0,418338834,"08005",NA,50,"08","005",NA,"00000",0,"A","Colorado",655058
"194","PA","bucks county",37704,2021,555602123,228698607,251910003,55046854,0,0,0,35668309,0,0,16409558,70257558,379420291,1548527,211043075,32982707,629286744,0,0,0,662269451,"42017",NA,50,"42","017",NA,"00000",0,"A","Pennsylvania",646526
"195","NJ","monmouth county",46288,2021,2779125286,441655000,0,0,0,18820000,435741708,0,421395689,0,0,0,0,0,736129122,49542666,686586456,0,0,0,736129122,"34025",NA,50,"34","025",NA,"00000",0,"A","New Jersey",643608
"196","NJ","ocean county",35632,2021,1011704677,444286000,0,0,1632184,0,320908683,0,0,0,0,0,0,0,553770430,38983378,514787052,0,0,0,553770430,"34029",NA,50,"34","029",NA,"00000",0,"A","New Jersey",637229
"197","TX","montgomery county",38639,2021,1194773412,623828019,173885862,10459863,0,0,49048682,0,311015175,0,14091141,116686895,97333400,59882215,271574684,14078197,531398997,11432092,436713,0,545477194,"48339",NA,50,"48","339",NA,"00000",0,"A","Texas",620451
"198","KS","johnson county",44652,2021,1372065338,954208097,156204744,791345,13307915,0,181941520,0,25212996,0,22963400,270783406,81147031,7106780,410314016,51689569,717661664,0,0,0,769351233,"20091",NA,50,"20","091",NA,"00000",0,"A","Kansas",609864
"199","TX","williamson county",44495,2021,1502964941,1245461196,132579328,0,0,0,58153888,0,61086970,0,5683559,59559176,53433019,36176049,359786481,142828292,366126433,0,0,0,508954725,"48491",NA,50,"48","491",NA,"00000",0,"A","Texas",609010
"200","FL","brevard county",32225,2021,655160577,184118795,142693690,1983700,49593684,0,127428928,0,27571556,0,34509849,274529172,98992248,22708984,411498650,156450831,651278223,0,1177562,1009639,807729054,"12009",NA,50,"12","009",NA,"00000",0,"A","Florida",606603
"201","FL","jacksonville",32292,2022,6540349000,2190849000,549157000,0,84842000,30699000,2905810000,0,274269000,0,118112000,377926000,215584000,54905000,1722354000,172635000,2198134000,89279000,1467000,0,2370769000,"1235000","city of jacksonville",162,"12","000","35000","00000",0,"A","Florida",949616
"202","CA","san francisco",54175,2022,33104748000,19924927000,1860514000,0,20418000,789818000,341625000,2445792000,3679684000,0,408920000,4633485000,2730979000,291275000,5719202000,2163247000,11211694000,0,0,0,13374941000,"0667000","city and county of san francisco",162,"06","000","67000","00000",0,"A","California",873959
"203","PA","philadelphia",0,2022,NA,NA,NA,NA,NA,NA,5386419000,NA,NA,NA,NA,NA,NA,NA,NA,NA,NA,NA,NA,NA,NA,NA,NA,NA,NA,NA,NA,NA,NA,NA,NA,1603799
"204","WI","milwaukee county",0,2022,NA,NA,NA,NA,NA,NA,330849000,NA,NA,NA,NA,NA,NA,NA,NA,NA,NA,NA,NA,NA,NA,NA,NA,NA,NA,NA,NA,NA,NA,NA,NA,939495
"205","FL","brevard county",32225,2022,889310802,167267535,167940712,0,47578302,0,341923924,0,28940840,0,34106096,298507212,81956459,34609490,417477077,139422484,693127754,0,359075,1131132,832550238,"12009",NA,50,"12","009",NA,"00000",0,"A","Florida",606603
"206","TX","williamson county",44495,2022,1478698412,1236832245,180096199,0,0,0,0,15236030,55615361,0,5912067,66871959,56632343,137008334,388068277,242825076,405755837,0,0,0,648580913,"48491",NA,50,"48","491",NA,"00000",0,"A","Texas",609010
"207","KS","johnson county",44652,2022,1379346992,888877400,135508112,0,11793992,0,294761994,0,20223892,0,24882832,307594578,141928322,11272983,426834047,167285114,720344816,0,0,0,887629930,"20091",NA,50,"20","091",NA,"00000",0,"A","Kansas",609864
"208","TX","montgomery county",38639,2022,1064840923,598127223,199379542,0,0,0,0,47475152,224199623,0,13708766,140147110,55811289,62534969,275370171,14081029,519782510,14899513,118863,0,533863539,"48339",NA,50,"48","339",NA,"00000",0,"A","Texas",620451
"209","NJ","ocean county",35632,2022,1068262683,459498816,0,0,1435276,0,302916834,0,444927592,0,2477602,0,0,0,584612193,36762756,547849437,0,0,0,584612193,"34029",NA,50,"34","029",NA,"00000",0,"A","New Jersey",637229
"210","NJ","monmouth county",46288,2022,1154066548,466299969,0,0,0,2655000,355645556,0,332633236,0,5399927,0,0,0,633695620,38062228,595633392,0,0,0,633695620,"34025",NA,50,"34","025",NA,"00000",0,"A","New Jersey",643608
"211","CO","arapahoe county",31951,2022,481994275,122888741,136110648,0,0,0,181684482,0,0,0,20023893,71917179,167284219,2509153,243708100,44457894,440960757,11631055,5202088,0,485418651,"08005",NA,50,"08","005",NA,"00000",0,"A","Colorado",655058
"212","MI","kent county",34271,2022,516826360,116744244,173721069,0,0,17200000,130987955,0,22376361,0,10199303,119260499,85283556,1509590,211895626,3837838,414111433,0,0,0,417949271,"26081",NA,50,"26","081",NA,"00000",0,"A","Michigan",657984
"213","UT","utah county",39292,2022,349027567,204559869,128632167,0,0,0,0,28151124,6543375,0,7055612,48291360,73487346,0,322886413,98185276,346479843,0,0,0,444665119,"49049",NA,50,"49","049",NA,"00000",0,"A","Utah",659392
"214","AL","jefferson county",1265667,2022,3160364524,28381048,260293013,0,0,0,0,265102822,117668334,0,26210958,326296880,60054634,10674567,401773569,-20602732,819402382,0,0,0,798799650,"01073",NA,50,"01","073",NA,"00000",0,"A","Alabama",674355
"215","NM","bernalillo county",35908,2022,806023552,227147734,204159486,0,0,0,234892180,0,95808405,0,43040640,31175190,38911775,41392415,448128831,90316699,469291512,8822484,0,0,559608211,"35001",NA,50,"35","001",NA,"00000",0,"A","New Mexico",676438
"216","IL","will county",32790,2022,656302779,376229233,181140231,0,0,0,3257375,51426809,50988576,0,28296737,78209173,140948712,14402392,216480084,146785608,303254753,0,0,0,450040361,"17197",NA,50,"17","197",NA,"00000",0,"A","Illinois",696362
"217","IL","lake county",1036299,2022,0,0,0,0,0,0,0,0,0,0,0,0,0,0,0,0,0,0,0,0,0,"17097",NA,50,"17","097",NA,"00000",0,"A","Illinois",714351
"218","CO","denver county",1266289,2022,14054059000,10325185000,1119786000,0,0,5001000,1454425000,156920000,244985000,0,209646000,1755023000,306318000,142589000,1932921000,433085000,3703766000,0,0,0,4136851000,"08031","city and county of denver",50,"08","031",NA,"00000",0,"C","Colorado",715538
"219","TN","davidson county",168934,2022,0,0,0,0,0,0,0,0,0,0,0,0,0,0,0,0,0,0,0,0,0,"47037","metropolitan government of nashville-davidson county",50,"47","037",NA,"00000",0,"C","Tennessee",715875
"220","MO","jackson county",35114,2022,551730468,341488931,137339385,0,0,0,44377642,0,4547369,0,8393100,67642973,73939386,12629993,237711661,65719976,326204037,0,0,0,391924013,"29095",NA,50,"29","095",NA,"00000",0,"A","Missouri",717206
"221","NJ","hudson county",35620,2022,1055534451,416510000,0,0,1675449,0,354321731,0,672080872,0,34627423,0,0,0,735647146,45802974,689844172,0,0,0,735647146,"34017",NA,50,"34","017",NA,"00000",0,"A","New Jersey",724857
"222","FL","polk county",32256,2022,1348579114,223600031,315279229,0,0,72319903,418623364,0,208784936,0,19215262,387647333,12021396,53165033,542277199,120122546,874988415,0,0,0,995110961,"12105",NA,50,"12","105",NA,"00000",0,"A","Florida",725041
"223","CO","el paso county",31965,2022,612505377,0,141220141,0,0,1017524,219998638,0,129120022,0,16405138,42717839,149051898,48823129,232651636,49003131,424241371,0,0,0,473244502,"08041",NA,50,"08","041",NA,"00000",0,"A","Colorado",730402
"224","NY","monroe county",43310,2022,1764413000,795103000,451053000,0,0,6000000,194000,90821000,421149000,0,0,561210000,111178000,31058000,1147354000,181763000,1669037000,0,0,0,1850800000,"36055",NA,50,"36","055",NA,"00000",0,"A","New York",759444
"225","FL","lee county",32242,2022,2617928000,1000029000,347604000,0,0,74806000,491165000,0,590557000,0,39356000,598252000,134637000,165443000,632973000,165732000,1365573000,0,0,0,1531305000,"12071",NA,50,"12","071",NA,"00000",0,"A","Florida",760820
"226","GA","dekalb county",32445,2022,3321579000,1099517000,352782000,0,136037000,8978000,1170291000,0,421340000,0,40669000,460014000,97389000,35590000,790114000,174421000,1208686000,0,0,0,1383107000,"13089",NA,50,"13","089",NA,"00000",0,"A","Georgia",764386
"227","CA","san mateo county",31714,2022,1672083000,677050000,657660000,0,0,2059000,99609000,0,547000,14790000,88583000,766009000,793302000,4294000,923047000,501262000,1985390000,0,0,0,2486652000,"06081",NA,50,"06","081",NA,"00000",0,"A","California",764432
"228","GA","cobb county",1266590,2022,1931904436,500817202,284774704,0,0,87618426,785875583,0,213167041,0,36930954,384930323,72048696,63230708,807628078,131942931,1195894874,0,0,0,1327837805,"13067",NA,50,"13","067",NA,"00000",0,"A","Georgia",766160
"229","CA","san joaquin county",31712,2022,1882102114,7481000,367241962,0,0,1085000,1137961048,0,81333690,0,45837000,605990843,1046653596,15941442,403435651,329300520,1742721012,0,0,0,2072021532,"06077",NA,50,"06","077",NA,"00000",0,"A","California",779227
"230","KY","jefferson county",115965,2022,2400797800,679255000,94866508,0,0,0,1029232000,0,310565000,0,25742000,100202530,353350410,13163712,795518146,191512820,1070721978,0,0,0,1262234798,"21111","metro government of louisville-jefferson county",50,"21","111",NA,"00000",0,"C","Kentucky",782956
"231","OR","multnomah county",103191,2022,1620060000,673527000,345769000,0,2658000,0,396720000,0,123162000,8991000,36118000,380201000,876126000,11357000,907094000,409086000,1765692000,162248000,0,1983000,2174778000,"41051",NA,50,"41","051",NA,"00000",0,"A","Oregon",815429
"232","TX","fort bend county",38625,2022,1483281134,676392228,158164995,0,0,14093978,0,32298711,495366734,0,12505887,59812421,133869090,282338555,397491002,251374735,622136333,0,0,0,873511068,"48157",NA,50,"48","157",NA,"00000",0,"A","Texas",822779
"233","WA","snohomish county",39536,2022,767026252,435102948,233167166,0,6015965,0,34425940,0,3574222,82806194,0,282974796,194916304,73908094,380175275,124246502,807727967,0,0,0,931974469,"53061",NA,50,"53","061",NA,"00000",0,"A","Washington",827947
"234","OH","hamilton county",36884,2022,2119322000,1308136000,301302000,0,6099000,0,428421000,5156000,0,79527000,64828000,476685000,307670000,6388000,681317000,277295000,1194765000,0,0,0,1472060000,"39061",NA,50,"39","061",NA,"00000",0,"A","Ohio",830625
"235","CA","ventura county",149441,2022,1596782000,308395000,562232000,0,10608000,133901000,15480000,489891000,161283000,3499000,111223000,949208000,856775000,62995000,652555000,531651000,1989882000,652376000,21269000,19445000,2521533000,"06111",NA,50,"06","111",NA,"00000",0,"A","California",843843
"236","MD","baltimore county",189872,2022,8925251000,4223176000,453369000,0,0,150000000,1592201000,0,1993525000,0,90844000,765298000,298436000,64096000,2476651000,217999000,3386482000,0,0,0,3604481000,"24005",NA,50,"24","005",NA,"00000",0,"A","Maryland",854554
"237","NJ","essex county",43829,2022,704267831,704267831,0,0,5074423,0,0,0,0,0,0,0,0,0,980178939,40050749,940128190,0,0,0,980178939,"34013",NA,50,"34","013",NA,"00000",0,"A","New Jersey",862782
"238","NJ","middlesex county",1036493,2022,818946554,169115000,0,0,22507762,16478000,282723628,0,864329337,0,24277918,0,0,0,691143942,12608724,678535218,0,0,0,691143942,"34023",NA,50,"34","023",NA,"00000",0,"A","New Jersey",863183
"239","TX","el paso county",38624,2022,469658879,157133142,178298235,0,7807181,20117830,850554,3519952,61501898,0,36531938,64817165,92331395,0,316481417,62931156,410698821,0,0,0,473629977,"48141",NA,50,"48","141",NA,"00000",0,"A","Texas",865655
"240","MI","macomb county",34275,2022,797411925,226060000,414588393,0,390968,0,29807879,0,95649498,16223318,19021989,397642539,155416504,163074153,189653780,200688247,705098729,0,0,0,905786976,"26099",NA,50,"26","099",NA,"00000",0,"A","Michigan",881219
"241","TX","denton county",44488,2022,942504194,604182884,196556722,0,0,0,0,7850277,131981180,0,9783408,35848052,59238738,1442572,285557326,48595254,333491434,0,0,0,382086688,"48121",NA,50,"48","121",NA,"00000",0,"A","Texas",906405
"242","CA","kern county",146252,2022,2458533000,168320000,272558000,0,87706000,0,1401786000,0,66568000,0,85316000,463626000,1221031000,10554000,460529000,395134000,1760606000,0,0,0,2155740000,"06029",NA,50,"06","029",NA,"00000",0,"A","California",909244
"243","WA","pierce county",42923,2022,786234000,350637000,205463000,0,0,0,41010000,96510000,65840000,0,29352000,267827000,246977000,70166000,480115000,238222000,826863000,0,0,0,1065085000,"53053",NA,50,"53","053",NA,"00000",0,"A","Washington",921137
"244","TN","shelby county",1265440,2022,1686087369,907043945,240880271,0,35577427,3638482,458893000,0,0,119734000,30578102,194256018,218367135,533183,986727071,139012202,1260871205,32630865,45229033,82979,1399883407,"47157",NA,50,"47","157",NA,"00000",0,"A","Tennessee",929722
"245","IL","dupage county",32767,2022,371780219,101469801,183587599,0,10627910,0,25119861,89773577,14480279,0,31534858,101501053,112668536,24408028,340390996,142469911,436498702,0,0,0,578968613,"17043",NA,50,"17","043",NA,"00000",0,"A","Illinois",932877
"246","NY","erie county",35982,2022,2719801000,874154000,413110000,0,0,0,1791000,90761000,1319702000,0,33860000,150457000,594274000,12814000,1460931000,269759000,1948717000,0,0,0,2218476000,"36029",NA,50,"36","029",NA,"00000",0,"A","New York",954244
"247","GA","gwinnett county",198256,2022,1752172000,582316000,336653000,0,0,25152000,442861000,0,29686000,0,43128000,581341000,58746000,179062000,1066541000,352546000,1533144000,0,0,0,1885690000,"13135",NA,50,"13","135",NA,"00000",0,"A","Georgia",957027
"248","FL","pinellas county",32255,2022,1726476142,0,344121316,0,0,98786081,574430889,0,515479700,0,70182803,596206552,204193456,13130096,915713693,336231212,1393012585,0,0,0,1729243797,"12103",NA,50,"12","103",NA,"00000",0,"A","Florida",959103
"249","MD","prince georges county",189892,2022,8126355662,2836029680,675694431,0,0,323775504,2011969036,0,1827234000,0,93049767,476143640,210626069,14478263,2258241386,17626096,2941863262,0,0,0,2959489358,"24033",NA,50,"24","033",NA,"00000",0,"A","Maryland",967194
"250","IN","marion county",170616,2022,933540322,0,47022055,0,0,1402139,156364982,0,10649537,0,9086003,55301510,100988137,6045438,291092312,54903657,398523740,0,0,0,453427397,"18097","city of marion",50,"18","097",NA,"00000",0,"C","Indiana",977213
"251","MO","st louis county",35117,2022,1165789621,714591157,153407695,0,2046462,0,223749888,0,0,0,47455784,163963097,135196414,8953145,802545571,251689682,858968545,0,0,0,1110658227,"29189",NA,50,"29","189",NA,"00000",0,"A","Missouri",1004310
"252","NY","westchester county",36016,2022,5455855819,1698485776,594949644,0,0,0,5961597,120896268,2765190616,0,53962519,230960671,838541576,84836458,1743602283,457298105,2440642883,0,0,0,2897940988,"36119",NA,50,"36","119",NA,"00000",0,"A","New York",1004445
"253","CA","fresno county",31677,2022,1863307000,608746000,367406000,0,4663000,0,436078000,0,0,0,57333000,152299000,1237950000,39000,664046000,240047000,1814287000,0,0,0,2054334000,"06019",NA,50,"06","019",NA,"00000",0,"A","California",1008650
"254","HI","honolulu county",111562,2022,0,0,0,0,0,0,0,0,0,0,0,0,0,0,0,0,0,0,0,0,0,"15003","city and county of honolulu",50,"15","003",NA,"00000",0,"A","Hawaii",1016506
"255","AZ","pima county",31619,2022,2225697000,169692000,366670000,0,0,0,656632000,0,0,19452000,47073000,278088000,234010000,71267000,766414000,123647000,1226132000,0,0,0,1349779000,"04019",NA,50,"04","019",NA,"00000",0,"A","Arizona",1043434
"256","MD","montgomery county",33967,2022,6546685167,3833929136,693995164,0,0,357774434,57114416,0,819410047,0,130687248,765051017,432151485,42217275,4354048286,864219904,4729248159,0,0,0,5593468063,"24031",NA,50,"24","031",NA,"00000",0,"A","Maryland",1062054
"257","TX","collin county",38621,2022,839611375,596570712,229874351,0,0,0,0,126559762,0,0,10535141,61871141,28359680,10355389,280235510,81755023,299066697,0,0,0,380821720,"48085",NA,50,"48","085",NA,"00000",0,"A","Texas",1066465
"258","NC","mecklenburg county",36607,2022,2646851948,1479769764,416986855,0,0,0,96878331,1464707,445605480,0,43650825,371232274,232632735,846937,1646411470,82427495,2168695921,0,0,0,2251123416,"37119",NA,50,"37","119",NA,"00000",0,"A","North Carolina",1115526
"259","NC","wake county",36674,2022,3954860060,2710150747,343675750,0,0,107773717,87388204,2291248,582455375,0,19194635,289199137,109695325,0,1592974687,59476558,1932392591,0,0,0,1991869149,"37183",NA,50,"37","183",NA,"00000",0,"A","North Carolina",1129393
"260","VA","fairfax county",230306,2022,7064284286,4079108332,695168747,0,570264624,3217324,1298126521,0,0,39502513,168396166,905743830,522275034,41076999,4336835633,450772404,5355159092,0,0,0,5805931496,"51059",NA,50,"51","059",NA,"00000",0,"A","Virginia",1150305
"261","CA","contra costa county",165557,2022,2304983000,262367000,852991000,0,0,8444000,0,179943000,428767000,21000000,30648000,2177088000,1217796000,36180000,834193000,712537000,3552720000,0,0,0,4265257000,"06013",NA,50,"06","013",NA,"00000",0,"A","California",1165927
"262","UT","salt lake county",39288,2022,901158680,410389912,291835637,0,0,63969184,0,93065740,89452848,0,29204738,269445495,268043220,55466,978191456,226275569,1289460068,0,0,0,1515735637,"49035",NA,50,"49","035",NA,"00000",0,"A","Utah",1185236
"263","PA","allegheny county",37703,2022,3495707885,938900681,242179246,0,0,0,1709287075,0,64322191,0,10915406,229597658,1555384014,101492453,465008119,15744510,2335737734,0,0,0,2351482244,"42003",NA,50,"42","003",NA,"00000",0,"A","Pennsylvania",1250585
"264","OH","cuyahoga county",36874,2022,1790424922,1096276577,157082563,0,13133230,0,248055881,10852862,0,87108546,34786484,196452418,490203908,22163452,841382253,159780012,1390422019,0,0,0,1550202031,"39035",NA,50,"39","035",NA,"00000",0,"A","Ohio",1264813
"265","MI","oakland county",34282,2022,823708772,280845428,376154998,0,0,0,69207954,0,0,400265102,17039018,467881570,122072431,882457,318482188,10806463,898512183,0,0,0,909318646,"26125",NA,50,"26","125",NA,"00000",0,"A","Michigan",1274395
"266","MN","hennepin county",1266941,2022,3974190169,1758096657,555563684,0,0,0,1282413828,0,141031543,0,153358667,1913005143,613669682,74429704,1168703738,56926049,3712882218,445078043,0,0,3769808267,"27053",NA,50,"27","053",NA,"00000",0,"A","Minnesota",1281568
"267","TX","travis county",38645,2022,2193577570,1061054475,382030994,0,0,0,0,39569661,650170983,0,46014831,134683408,63193118,33723357,811489813,167498286,875591410,0,0,0,1043089696,"48453",NA,50,"48","453",NA,"00000",0,"A","Texas",1290209
"268","OH","franklin county",196354,2022,1134673000,444289000,333895000,0,27203000,3566000,235764000,0,0,79476000,71033000,169591000,474271000,20515000,896013000,204711000,1355679000,9905000,0,1389000,1560390000,"39049",NA,50,"39","049",NA,"00000",0,"A","Ohio",1323800
"269","NY","nassau county",43010,2022,14209896000,4132917000,731113000,0,0,23011000,49644000,135249000,6777227000,0,460423000,375989000,602232000,136542000,2689070000,780584000,3023249000,0,0,0,3803833000,"36059",NA,50,"36","059",NA,"00000",0,"A","New York",1395777
"270","FL","orange county",32251,2022,3343687424,1126022767,662386311,0,85077157,1460000,1058941820,0,81132926,0,95319372,1095983342,282660878,256297678,1825930149,438692432,3022179615,0,0,0,3460872047,"12095",NA,50,"12","095",NA,"00000",0,"A","Florida",1429901
"271","FL","hillsborough county",32237,2022,3375581000,1336210000,595303000,0,0,115349000,1040344000,0,142427000,0,63989000,828163000,231422000,145952000,1787331000,377801000,2615067000,326215000,11553000,26352000,2992868000,"12057",NA,50,"12","057",NA,"00000",0,"A","Florida",1459773
"272","FL","palm beach county",1266402,2022,3594364662,832849491,307663661,0,0,22019258,1539693692,0,395323262,0,235370539,802835910,443824407,57923899,2017963740,663043765,2659504191,0,0,0,3322547956,"12099",NA,50,"12","099",NA,"00000",0,"A","Florida",1492198
"273","NY","suffolk county",36008,2022,8777884761,1859208258,1060478347,0,0,0,48109340,177784424,4723930000,0,387384559,479661774,605742456,121331254,2791928523,952974194,3045689813,0,0,0,3998664007,"36103",NA,50,"36","103",NA,"00000",0,"A","New York",1525936
"274","CA","sacramento county",1267172,2022,4539311000,2194599000,757014000,0,0,22151000,403532000,0,147206000,0,151290000,861269000,1655414000,85848000,1491756000,826010000,3268277000,0,0,0,4094287000,"06067",NA,50,"06","067",NA,"00000",0,"A","California",1585046
"275","CA","alameda county",149446,2022,3481817000,1216110000,1057814000,0,3293000,0,542754000,0,64962000,320915000,103652000,632141000,2303950000,8188000,904577000,455947000,3392909000,0,0,0,3848856000,"06001",NA,50,"06","001",NA,"00000",0,"A","California",1682331
"276","MI","wayne county",40867,2022,2118429006,650895961,623396057,0,0,148582000,563847992,0,75074340,0,22336965,222741017,337568178,23092951,530080085,266686968,846795263,0,0,0,1113482231,"26163",NA,50,"26","163",NA,"00000",0,"A","Michigan",1793549
"277","CA","santa clara county",31546,2022,10216977000,3155065000,2188366000,0,0,0,2989893000,0,867326000,0,420151000,3395405000,2528356000,22550000,2229129000,943343000,7232097000,0,0,0,8175440000,"06085",NA,50,"06","085",NA,"00000",0,"A","California",1936274
"278","FL","broward county",68695,2022,8022241000,5337269000,461209000,0,65935000,0,1505308000,0,312736000,0,148085000,1327865000,578510000,174812000,1956083000,810825000,3226445000,0,0,0,4037270000,"12011",NA,50,"12","011",NA,"00000",0,"A","Florida",1944376
"279","TX","bexar county",38615,2022,3217678883,2526616357,431377495,0,0,0,0,55969325,187140419,0,55473211,107555363,127758272,111967646,651872892,120599087,878555086,0,0,0,999154173,"48029",NA,50,"48","029",NA,"00000",0,"A","Texas",2009322
"280","TX","tarrant county",38644,2022,1200856000,417551000,462047000,0,0,0,28589000,0,222716000,0,50152000,166954000,195772000,5105000,528173000,135004000,761000000,3506000,49000,0,896004000,"48439",NA,50,"48","439",NA,"00000",0,"A","Texas",2110608
"281","CA","san bernardino county",31709,2022,3614078000,176999000,937837000,0,0,1096000,1065771000,0,0,0,283861000,1153235000,3015767000,14213000,1415229000,1020213000,4578231000,0,0,0,5598444000,"06071",NA,50,"06","071",NA,"00000",0,"A","California",2181662
"282","NV","clark county",82176,2022,9487340495,5245091995,884775706,0,0,4050000,1909884763,0,724613280,24683415,307613570,2217084470,1101834682,291658726,2673910621,1301638698,4982849801,0,0,0,6284488499,"32003",NA,50,"32","003",NA,"00000",0,"A","Nevada",2265469
"283","WA","king county",42969,2022,7371622000,4788668000,1086659000,0,144319000,1733000,230533000,479882000,92158000,0,212673000,2098228000,931546000,90617000,2387676000,688676000,4819081000,0,0,0,5508067000,"53033",NA,50,"53","033",NA,"00000",0,"A","Washington",2269667
"284","CA","riverside county",149444,2022,7049200000,2017614000,1973941000,0,0,87715000,1289767000,1509000,192288000,0,316278000,1947580000,2687567000,38195000,1094744000,444447000,5323639000,0,0,0,5768086000,"06065",NA,50,"06","065",NA,"00000",0,"A","California",2418177
"285","TX","dallas county",38622,2022,1211575,260310,471456,0,0,0,246648,0,194549,0,36439,164341,300933,0,687868,102303,1050839,0,0,0,1153142,"48113",NA,50,"48","113",NA,"00000",0,"A","Texas",2611491
"286","FL","miami-dade county",69702,2022,29220400000,19234221000,1956925000,0,214829000,132064000,3979267000,0,734469000,0,1042356000,5544139000,1865239000,376504000,4237237000,1295021000,10728098000,0,0,0,12023119000,"12086",NA,50,"12","086",NA,"00000",0,"A","Florida",2701762
"287","CA","orange county",31700,2022,5472509000,642794000,994260000,0,380974000,79978000,2048680000,0,233049000,0,181364000,1002675000,3187387000,131253000,1323281000,1383660000,4260936000,0,0,0,5644596000,"06059",NA,50,"06","059",NA,"00000",0,"A","California",3186979
"288","CA","san diego county",31710,2022,5680147000,888627000,1535468000,0,1700000,0,2246673000,0,71147000,0,138845000,677961000,3737998000,109343000,1501930000,686239000,5340993000,0,0,0,6027232000,"06073",NA,50,"06","073",NA,"00000",0,"A","California",3298635
"289","AZ","maricopa county",31617,2022,3610787387,0,1051665015,0,0,0,1626366174,0,1045980,49909693,0,323347951,632094057,24506537,2065937223,511655488,2534230280,0,0,0,3045885768,"04013",NA,50,"04","013",NA,"00000",0,"A","Arizona",4420574
"290","TX","harris county",1265423,2022,10592080708,5078542295,1265164404,0,35885505,191525000,0,253423134,3922333666,0,52367328,1133498865,739587885,300869189,2305186703,-111346194,4590488836,808931881,0,0,4479142642,"48201",NA,50,"48","201",NA,"00000",0,"A","Texas",4731129
"291","IL","cook county",1035781,2022,19531125441,2838654626,2582456775,0,0,6188000,10837262892,0,1978062391,0,115773815,4616566128,549073171,165136113,2654204968,1103925001,6881055379,4249517316,243194164,9604948,7984980380,"17031",NA,50,"17","031",NA,"00000",0,"A","Illinois",5275522
"292","CA","los angeles county",31687,2022,54844462000,3302776000,8634894000,0,0,267513000,7030463000,0,26997560000,0,2307992000,8919332000,14397928000,42507000,9966810000,2338688000,30987889000,1887458000,0,47000,33326577000,"06037",NA,50,"06","037",NA,"00000",0,"A","California",10014042
